Title,Date,Weekday,i24,Reference
חדר החדשות איי 24,01/01/2026,חמישי,0,2.79
חדר החדשות איי 24,01/01/2026,חמישי,0.05,7.81
חדר החדשות איי 24,01/01/2026,חמישי,0.41,11.22
חדר החדשות איי 24,01/01/2026,חמישי,0.45,11.14
חדר החדשות איי 24,01/01/2026,חמישי,0.24,9.84
חדר החדשות איי 24,01/01/2026,חמישי,0.07,9.57
חדר החדשות איי 24,01/01/2026,חמישי,0,7.91
מהדורת 15,01/01/2026,חמישי,0.56,12.89
מהדורת חמש איי 24,01/01/2026,חמישי,0.91,16.48
מדד גלבוע,01/01/2026,חמישי,0.84,21.27
המהדורה המרכזית איי 24,01/01/2026,חמישי,1.28,29.51
הערביסטים,01/01/2026,חמישי,0.42,30.98
מדברים חדשות,01/01/2026,חמישי,0.35,29.72
חדר החדשות איי 24,02/01/2026,שישי,0.15,6.75
חדר החדשות איי 24,02/01/2026,שישי,0,7.62
חדר החדשות איי 24,02/01/2026,שישי,0.3,9.45
חדר החדשות איי 24,02/01/2026,שישי,0.34,9.69
חדר החדשות איי 24,02/01/2026,שישי,0.32,8.55
חדר החדשות איי 24,02/01/2026,שישי,0.41,7.38
חדר החדשות איי 24,02/01/2026,שישי,0.38,5.95
חדר החדשות איי 24,02/01/2026,שישי,0.63,8.42
חדר החדשות איי 24,02/01/2026,שישי,0.2,7.42
חדר החדשות איי 24,02/01/2026,שישי,0.76,10.54
המהדורה המוקדמת איי 24 - שישי,02/01/2026,שישי,2.32,15.14
קבינט שישי,02/01/2026,שישי,4.03,22.28
חדר החדשות איי 24,03/01/2026,שבת,0.36,4.63
חדר החדשות איי 24,03/01/2026,שבת,0.87,4.66
חדר החדשות איי 24,03/01/2026,שבת,0.33,3.9
חדר החדשות איי 24,03/01/2026,שבת,1.03,5.07
חדר החדשות איי 24,03/01/2026,שבת,1.48,5.6
חדר החדשות איי 24,03/01/2026,שבת,0.73,7.18
חדר החדשות איי 24,03/01/2026,שבת,1.19,8.1
המהדורה המוקדמת איי 24 - שבת,03/01/2026,שבת,1.58,18.68
הישראלים איי 24,03/01/2026,שבת,0.54,24.39
מגזין השבת איי 24,03/01/2026,שבת,0.88,34.05
הערביסטים,03/01/2026,שבת,0.85,40.18
חדר החדשות איי 24,04/01/2026,ראשון,0.16,7.41
חדר החדשות איי 24,04/01/2026,ראשון,0.03,10.3
חדר החדשות איי 24,04/01/2026,ראשון,0.44,10.69
חדר החדשות איי 24,04/01/2026,ראשון,0.28,7.39
חדר החדשות איי 24,04/01/2026,ראשון,0.23,6.26
חדר החדשות איי 24,04/01/2026,ראשון,0.14,5.41
חדר החדשות איי 24,04/01/2026,ראשון,0.18,6
חדר החדשות איי 24,04/01/2026,ראשון,0.14,7.09
מהדורת 15,04/01/2026,ראשון,0.71,12.73
מהדורת חמש איי 24,04/01/2026,ראשון,0.54,14.87
מדד גלבוע,04/01/2026,ראשון,0.98,20.46
7 שרון גל,04/01/2026,ראשון,1.99,24.68
המהדורה המרכזית איי 24,04/01/2026,ראשון,1.56,29.72
הישראלים איי 24,04/01/2026,ראשון,0.41,37
מדברים חדשות,04/01/2026,ראשון,0.7,26.27
חדר החדשות איי 24,05/01/2026,שני,0.05,7.36
חדר החדשות איי 24,05/01/2026,שני,0,8.7
חדר החדשות איי 24,05/01/2026,שני,0.28,9.28
חדר החדשות איי 24,05/01/2026,שני,0.07,7.04
חדר החדשות איי 24,05/01/2026,שני,0.08,6.62
חדר החדשות איי 24,05/01/2026,שני,0.04,6.18
חדר החדשות איי 24,05/01/2026,שני,0.3,6.68
חדר החדשות איי 24,05/01/2026,שני,0.75,8.3
מהדורת 15,05/01/2026,שני,0.18,10.49
מהדורת חמש איי 24,05/01/2026,שני,0.52,14.54
מדד גלבוע,05/01/2026,שני,0.73,19.6
7 שרון גל,05/01/2026,שני,1.33,25.07
המהדורה המרכזית איי 24,05/01/2026,שני,0.64,31.42
הישראלים איי 24,05/01/2026,שני,0.54,34.34
מדברים חדשות,05/01/2026,שני,0.78,22.13
חדר החדשות איי 24,06/01/2026,שלישי,0.08,7.43
חדר החדשות איי 24,06/01/2026,שלישי,0.18,9.36
חדר החדשות איי 24,06/01/2026,שלישי,0.26,8.46
חדר החדשות איי 24,06/01/2026,שלישי,0.67,8.29
חדר החדשות איי 24,06/01/2026,שלישי,0.67,6.72
חדר החדשות איי 24,06/01/2026,שלישי,0.36,6.28
חדר החדשות איי 24,06/01/2026,שלישי,0.09,8.13
חדר החדשות איי 24,06/01/2026,שלישי,0.2,7.36
מהדורת 15,06/01/2026,שלישי,0.4,11.87
מהדורת חמש איי 24,06/01/2026,שלישי,0.49,13.46
מדד גלבוע,06/01/2026,שלישי,0.54,19.52
7 שרון גל,06/01/2026,שלישי,1.7,24
המהדורה המרכזית איי 24,06/01/2026,שלישי,0.92,31.82
הישראלים איי 24,06/01/2026,שלישי,0.74,41.31
מדברים חדשות,06/01/2026,שלישי,0.6,30.5
חדר החדשות איי 24,07/01/2026,רביעי,0.12,7.9
חדר החדשות איי 24,07/01/2026,רביעי,0,8.6
חדר החדשות איי 24,07/01/2026,רביעי,0.01,8.53
חדר החדשות איי 24,07/01/2026,רביעי,0.29,8.18
חדר החדשות איי 24,07/01/2026,רביעי,0,6.28
חדר החדשות איי 24,07/01/2026,רביעי,0.01,6.08
חדר החדשות איי 24,07/01/2026,רביעי,0,7.88
חדר החדשות איי 24,07/01/2026,רביעי,0.11,8.92
מהדורת 15,07/01/2026,רביעי,0.15,10.7
מהדורת חמש איי 24,07/01/2026,רביעי,0.63,14.71
מדד גלבוע,07/01/2026,רביעי,1.68,20.08
7 שרון גל,07/01/2026,רביעי,1.65,24.03
המהדורה המרכזית איי 24,07/01/2026,רביעי,1.18,32.47
הישראלים איי 24,07/01/2026,רביעי,0.38,37.46
מדברים חדשות,07/01/2026,רביעי,0.28,29.56
חדר החדשות איי 24,08/01/2026,חמישי,0.08,7.57
חדר החדשות איי 24,08/01/2026,חמישי,0.34,9.09
חדר החדשות איי 24,08/01/2026,חמישי,0.32,9.37
חדר החדשות איי 24,08/01/2026,חמישי,0.33,8.06
חדר החדשות איי 24,08/01/2026,חמישי,0.4,6.43
חדר החדשות איי 24,08/01/2026,חמישי,0.18,7.16
חדר החדשות איי 24,08/01/2026,חמישי,0.14,6.91
חדר החדשות איי 24,08/01/2026,חמישי,0.11,7.52
מהדורת 15,08/01/2026,חמישי,0.23,10.51
מהדורת חמש איי 24,08/01/2026,חמישי,0.71,15.21
מדד גלבוע,08/01/2026,חמישי,1.08,19.01
המהדורה המרכזית איי 24,08/01/2026,חמישי,0.49,31.91
הערביסטים,08/01/2026,חמישי,0.89,31.84
מדברים חדשות,08/01/2026,חמישי,0.6,26.56
חדר החדשות איי 24,09/01/2026,שישי,0,7.03
חדר החדשות איי 24,09/01/2026,שישי,0.02,7.98
חדר החדשות איי 24,09/01/2026,שישי,0.56,10.6
חדר החדשות איי 24,09/01/2026,שישי,0.39,9.81
חדר החדשות איי 24,09/01/2026,שישי,0.3,9.13
חדר החדשות איי 24,09/01/2026,שישי,0.9,6.49
חדר החדשות איי 24,09/01/2026,שישי,0.7,7.35
חדר החדשות איי 24,09/01/2026,שישי,0.47,9.4
חדר החדשות איי 24,09/01/2026,שישי,0.32,9.48
חדר החדשות איי 24,09/01/2026,שישי,1.19,12.74
המהדורה המוקדמת איי 24 - שישי,09/01/2026,שישי,1.82,15.25
קבינט שישי,09/01/2026,שישי,3.29,22.47
חדר החדשות איי 24,10/01/2026,שבת,1.23,4.95
חדר החדשות איי 24,10/01/2026,שבת,0.64,5.26
חדר החדשות איי 24,10/01/2026,שבת,0.68,4.82
חדר החדשות איי 24,10/01/2026,שבת,0.54,4.9
חדר החדשות איי 24,10/01/2026,שבת,1.39,7.2
חדר החדשות איי 24,10/01/2026,שבת,1.11,8.09
חדר החדשות איי 24,10/01/2026,שבת,1.47,9.49
חדר החדשות איי 24,10/01/2026,שבת,1.32,13.43
המהדורה המוקדמת איי 24 - שבת,10/01/2026,שבת,1.21,22.76
מגזין השבת איי 24,10/01/2026,שבת,1.16,33.51
הערביסטים,10/01/2026,שבת,0.78,41.45
חדר החדשות איי 24,11/01/2026,ראשון,0,7.66
חדר החדשות איי 24,11/01/2026,ראשון,0.19,10.07
חדר החדשות איי 24,11/01/2026,ראשון,0.31,9.4
חדר החדשות איי 24,11/01/2026,ראשון,0.44,8.39
חדר החדשות איי 24,11/01/2026,ראשון,0.07,5.68
חדר החדשות איי 24,11/01/2026,ראשון,0.2,6.21
חדר החדשות איי 24,11/01/2026,ראשון,0.28,6.77
חדר החדשות איי 24,11/01/2026,ראשון,0.47,7.94
מהדורת 15,11/01/2026,ראשון,0.63,10.99
מהדורת חמש איי 24,11/01/2026,ראשון,0.85,15.7
מדד גלבוע,11/01/2026,ראשון,1.39,20.25
7 שרון גל,11/01/2026,ראשון,2.24,26.74
המהדורה המרכזית איי 24,11/01/2026,ראשון,1.14,33.63
הישראלים איי 24,11/01/2026,ראשון,0.36,39.27
מדברים חדשות,11/01/2026,ראשון,0.34,28.58
חדר החדשות איי 24,12/01/2026,שני,0.18,8.25
חדר החדשות איי 24,12/01/2026,שני,0.34,9.82
חדר החדשות איי 24,12/01/2026,שני,0.48,9.06
חדר החדשות איי 24,12/01/2026,שני,0.86,8.09
חדר החדשות איי 24,12/01/2026,שני,0.68,7.5
חדר החדשות איי 24,12/01/2026,שני,0.23,8.32
מהדורת 15,12/01/2026,שני,0.72,11.22
מהדורת חמש איי 24,12/01/2026,שני,0.42,15.95
מדד גלבוע,12/01/2026,שני,0.64,19.77
7 שרון גל,12/01/2026,שני,2.38,24.96
המהדורה המרכזית איי 24,12/01/2026,שני,1.22,36.44
הישראלים איי 24,12/01/2026,שני,0.34,36.86
מדברים חדשות,12/01/2026,שני,1.07,25.53
חדר החדשות איי 24,13/01/2026,שלישי,0.18,8.54
חדר החדשות איי 24,13/01/2026,שלישי,0.12,12.04
חדר החדשות איי 24,13/01/2026,שלישי,0.16,10.78
חדר החדשות איי 24,13/01/2026,שלישי,0.19,8.95
חדר החדשות איי 24,13/01/2026,שלישי,0.08,7.11
חדר החדשות איי 24,13/01/2026,שלישי,0.18,7.75
חדר החדשות איי 24,13/01/2026,שלישי,0.24,9.17
חדר החדשות איי 24,13/01/2026,שלישי,0.35,9.82
מהדורת 15,13/01/2026,שלישי,0.8,12.83
מהדורת חמש איי 24,13/01/2026,שלישי,1.2,18.43
מדד גלבוע,13/01/2026,שלישי,1.17,23.67
7 שרון גל,13/01/2026,שלישי,1.49,28.88
המהדורה המרכזית איי 24,13/01/2026,שלישי,0.85,38.68
הישראלים איי 24,13/01/2026,שלישי,0.42,43.44
מדברים חדשות,13/01/2026,שלישי,0.15,33.61
חדר החדשות איי 24,14/01/2026,רביעי,0,8.29
חדר החדשות איי 24,14/01/2026,רביעי,0.34,10.17
חדר החדשות איי 24,14/01/2026,רביעי,0.3,10.92
חדר החדשות איי 24,14/01/2026,רביעי,0.49,9.35
חדר החדשות איי 24,14/01/2026,רביעי,0.48,7.55
חדר החדשות איי 24,14/01/2026,רביעי,0.46,8.19
חדר החדשות איי 24,14/01/2026,רביעי,0.97,9.19
חדר החדשות איי 24,14/01/2026,רביעי,0.66,9.2
מהדורת 15,14/01/2026,רביעי,0.59,11.99
מהדורת חמש איי 24,14/01/2026,רביעי,0.46,15.54
מדד גלבוע,14/01/2026,רביעי,1.36,19.75
7 שרון גל,14/01/2026,רביעי,2.07,24.97
המהדורה המרכזית איי 24,14/01/2026,רביעי,1.41,33.1
הישראלים איי 24,14/01/2026,רביעי,0.85,33.38
מדברים חדשות,14/01/2026,רביעי,0.23,24.68
חדר החדשות איי 24,15/01/2026,חמישי,0.24,9.47
חדר החדשות איי 24,15/01/2026,חמישי,0.22,11.08
חדר החדשות איי 24,15/01/2026,חמישי,0.16,11.47
חדר החדשות איי 24,15/01/2026,חמישי,0.39,8.39
חדר החדשות איי 24,15/01/2026,חמישי,0.02,6.96
חדר החדשות איי 24,15/01/2026,חמישי,0.31,6.77
חדר החדשות איי 24,15/01/2026,חמישי,0,6.56
חדר החדשות איי 24,15/01/2026,חמישי,0.1,6.36
מהדורת 15,15/01/2026,חמישי,0.8,11.48
מהדורת חמש איי 24,15/01/2026,חמישי,0.77,15.57
מדד גלבוע,15/01/2026,חמישי,0.94,19.3
המהדורה המרכזית איי 24,15/01/2026,חמישי,0.95,31.7
הערביסטים,15/01/2026,חמישי,1.22,32.79
מדברים חדשות,15/01/2026,חמישי,0.7,31.12
חדר החדשות איי 24,16/01/2026,שישי,0.01,7.09
חדר החדשות איי 24,16/01/2026,שישי,0.11,9.93
חדר החדשות איי 24,16/01/2026,שישי,0.16,12.52
חדר החדשות איי 24,16/01/2026,שישי,0.02,10.59
חדר החדשות איי 24,16/01/2026,שישי,0.13,7.54
חדר החדשות איי 24,16/01/2026,שישי,0.53,7.25
חדר החדשות איי 24,16/01/2026,שישי,0.47,8.27
חדר החדשות איי 24,16/01/2026,שישי,0.91,9.6
חדר החדשות איי 24,16/01/2026,שישי,1.45,9.63
המהדורה המוקדמת איי 24 - שישי,16/01/2026,שישי,1.98,15.3
קבינט שישי,16/01/2026,שישי,3.54,21.35
חדר החדשות איי 24,17/01/2026,שבת,1.39,4.83
חדר החדשות איי 24,17/01/2026,שבת,0.62,4.38
חדר החדשות איי 24,17/01/2026,שבת,0.65,4.7
חדר החדשות איי 24,17/01/2026,שבת,0.87,4.7
חדר החדשות איי 24,17/01/2026,שבת,0.95,5.19
חדר החדשות איי 24,17/01/2026,שבת,1.12,7.23
חדר החדשות איי 24,17/01/2026,שבת,0.69,8.31
חדר החדשות איי 24,17/01/2026,שבת,0.71,11.74
המהדורה המוקדמת איי 24 - שבת,17/01/2026,שבת,1.61,22.84
מגזין השבת איי 24,17/01/2026,שבת,1.84,34.53
הערביסטים,17/01/2026,שבת,0.84,43.61
חדר החדשות איי 24,18/01/2026,ראשון,0.02,7.49
חדר החדשות איי 24,18/01/2026,ראשון,0,9.19
חדר החדשות איי 24,18/01/2026,ראשון,0.14,10
חדר החדשות איי 24,18/01/2026,ראשון,0.35,8.77
חדר החדשות איי 24,18/01/2026,ראשון,0,6.28
חדר החדשות איי 24,18/01/2026,ראשון,0.36,6.57
חדר החדשות איי 24,18/01/2026,ראשון,0.39,8.97
חדר החדשות איי 24,18/01/2026,ראשון,0.28,8.02
מהדורת 15,18/01/2026,ראשון,0.24,10.89
מהדורת חמש איי 24,18/01/2026,ראשון,0.33,14.19
מדד גלבוע,18/01/2026,ראשון,0.8,20.9
7 שרון גל,18/01/2026,ראשון,1.86,24.85
המהדורה המרכזית איי 24,18/01/2026,ראשון,0.96,30.54
הישראלים איי 24,18/01/2026,ראשון,0.32,32.46
מדברים חדשות,18/01/2026,ראשון,0.12,22.78
חדר החדשות איי 24,19/01/2026,שני,0.02,8.14
חדר החדשות איי 24,19/01/2026,שני,0,9.36
חדר החדשות איי 24,19/01/2026,שני,0.24,7.87
חדר החדשות איי 24,19/01/2026,שני,0,6.45
חדר החדשות איי 24,19/01/2026,שני,0.01,6.06
חדר החדשות איי 24,19/01/2026,שני,0.07,7.08
חדר החדשות איי 24,19/01/2026,שני,0.36,8.5
מהדורת 15,19/01/2026,שני,0.52,12.87
מהדורת חמש איי 24,19/01/2026,שני,0.61,16.9
מדד גלבוע,19/01/2026,שני,1.03,21.62
7 שרון גל,19/01/2026,שני,1.76,24.14
המהדורה המרכזית איי 24,19/01/2026,שני,1.66,32.52
הישראלים איי 24,19/01/2026,שני,0.51,35.37
מדברים חדשות,19/01/2026,שני,0.51,24.62
חדר החדשות איי 24,20/01/2026,שלישי,0.43,8.04
חדר החדשות איי 24,20/01/2026,שלישי,0.4,9.68
חדר החדשות איי 24,20/01/2026,שלישי,0.3,8.32
חדר החדשות איי 24,20/01/2026,שלישי,0.28,6.03
חדר החדשות איי 24,20/01/2026,שלישי,0.19,6.31
חדר החדשות איי 24,20/01/2026,שלישי,0.11,6.32
חדר החדשות איי 24,20/01/2026,שלישי,0.01,7.95
חדר החדשות איי 24,20/01/2026,שלישי,0.31,7.22
מהדורת 15,20/01/2026,שלישי,0.12,10.83
מהדורת חמש איי 24,20/01/2026,שלישי,0.35,14.72
מדד גלבוע,20/01/2026,שלישי,0.94,18.72
7 שרון גל,20/01/2026,שלישי,1.16,23.15
המהדורה המרכזית איי 24,20/01/2026,שלישי,0.93,30.93
הישראלים איי 24,20/01/2026,שלישי,0.57,41.37
מדברים חדשות,20/01/2026,שלישי,0.56,37.58
חדר החדשות איי 24,21/01/2026,רביעי,0.2,8.31
חדר החדשות איי 24,21/01/2026,רביעי,0.14,9.17
חדר החדשות איי 24,21/01/2026,רביעי,0.36,9.22
חדר החדשות איי 24,21/01/2026,רביעי,0.32,9.09
חדר החדשות איי 24,21/01/2026,רביעי,0.05,7.72
חדר החדשות איי 24,21/01/2026,רביעי,0,7.51
חדר החדשות איי 24,21/01/2026,רביעי,0.09,7.15
חדר החדשות איי 24,21/01/2026,רביעי,0.08,7.17
מהדורת 15,21/01/2026,רביעי,0.64,9.86
מהדורת חמש איי 24,21/01/2026,רביעי,0.55,15.38
מדד גלבוע,21/01/2026,רביעי,1.32,19.63
7 שרון גל,21/01/2026,רביעי,1.57,25.71
המהדורה המרכזית איי 24,21/01/2026,רביעי,1.83,33.67
הישראלים איי 24,21/01/2026,רביעי,0.44,37.58
מדברים חדשות,21/01/2026,רביעי,0.46,23.94
חדר החדשות איי 24,22/01/2026,חמישי,0,9.65
חדר החדשות איי 24,22/01/2026,חמישי,0,11.82
חדר החדשות איי 24,22/01/2026,חמישי,0.24,11.03
חדר החדשות איי 24,22/01/2026,חמישי,0.35,10.57
חדר החדשות איי 24,22/01/2026,חמישי,0.23,7.67
חדר החדשות איי 24,22/01/2026,חמישי,0,7.37
מהדורת 15,22/01/2026,חמישי,0.97,11.97
מהדורת חמש איי 24,22/01/2026,חמישי,0.92,14.28
מדד גלבוע,22/01/2026,חמישי,0.77,18.64
המהדורה המרכזית איי 24,22/01/2026,חמישי,0.64,30.47
הערביסטים,22/01/2026,חמישי,0.42,29.85
מדברים חדשות,22/01/2026,חמישי,0.15,20.37
חדר החדשות איי 24,23/01/2026,שישי,0,6.34
חדר החדשות איי 24,23/01/2026,שישי,0,9.33
חדר החדשות איי 24,23/01/2026,שישי,0.19,11.12
חדר החדשות איי 24,23/01/2026,שישי,0.12,10.46
חדר החדשות איי 24,23/01/2026,שישי,0.45,8.63
חדר החדשות איי 24,23/01/2026,שישי,0.19,7.06
חדר החדשות איי 24,23/01/2026,שישי,0.69,5.45
חדר החדשות איי 24,23/01/2026,שישי,0.84,6.81
חדר החדשות איי 24,23/01/2026,שישי,0.35,8.35
חדר החדשות איי 24,23/01/2026,שישי,0.84,11.58
המהדורה המוקדמת איי 24 - שישי,23/01/2026,שישי,1.78,16.29
קבינט שישי,23/01/2026,שישי,3.02,22.22
חדר החדשות איי 24,24/01/2026,שבת,1.03,5.43
חדר החדשות איי 24,24/01/2026,שבת,0.12,5.66
חדר החדשות איי 24,24/01/2026,שבת,0.42,5.46
חדר החדשות איי 24,24/01/2026,שבת,1.25,5.44
חדר החדשות איי 24,24/01/2026,שבת,1.11,5.54
חדר החדשות איי 24,24/01/2026,שבת,0.39,6.39
חדר החדשות איי 24,24/01/2026,שבת,0.4,7.82
חדר החדשות איי 24,24/01/2026,שבת,1.5,12.17
המהדורה המוקדמת איי 24 - שבת,24/01/2026,שבת,0.61,22.61
מגזין השבת איי 24,24/01/2026,שבת,0.66,33.97
הערביסטים,24/01/2026,שבת,1.41,45.88
חדר החדשות איי 24,25/01/2026,ראשון,0,6.92
חדר החדשות איי 24,25/01/2026,ראשון,0.06,8.94
חדר החדשות איי 24,25/01/2026,ראשון,0.2,7.58
חדר החדשות איי 24,25/01/2026,ראשון,0.8,7.48
חדר החדשות איי 24,25/01/2026,ראשון,0.02,4.92
חדר החדשות איי 24,25/01/2026,ראשון,0.21,4.48
חדר החדשות איי 24,25/01/2026,ראשון,0.08,5.06
חדר החדשות איי 24,25/01/2026,ראשון,0.6,6.67
מהדורת 15,25/01/2026,ראשון,0.64,10.98
מהדורת חמש איי 24,25/01/2026,ראשון,0.57,14.3
מדד גלבוע,25/01/2026,ראשון,0.7,19.05
7 שרון גל,25/01/2026,ראשון,1.71,24.71
המהדורה המרכזית איי 24,25/01/2026,ראשון,0.67,30.69
הישראלים איי 24,25/01/2026,ראשון,0.56,33.59
מדברים חדשות,25/01/2026,ראשון,0.31,25.06
חדר החדשות איי 24,26/01/2026,שני,0.18,8.61
חדר החדשות איי 24,26/01/2026,שני,0,9.8
חדר החדשות איי 24,26/01/2026,שני,0.16,7.6
חדר החדשות איי 24,26/01/2026,שני,0.33,7.84
חדר החדשות איי 24,26/01/2026,שני,0,4.87
חדר החדשות איי 24,26/01/2026,שני,0.05,4.62
חדר החדשות איי 24,26/01/2026,שני,0.17,5.02
חדר החדשות איי 24,26/01/2026,שני,0.21,5.62
מהדורת 15,26/01/2026,שני,0.34,12.37
מהדורת חמש איי 24,26/01/2026,שני,0.23,15.92
מדד גלבוע,26/01/2026,שני,0.74,21.89
7 שרון גל,26/01/2026,שני,1.32,27.19
המהדורה המרכזית איי 24,26/01/2026,שני,1.05,33.42
הישראלים איי 24,26/01/2026,שני,0.27,33.96
מדברים חדשות,26/01/2026,שני,0.03,25.5
חדר החדשות איי 24,27/01/2026,שלישי,0,7.17
חדר החדשות איי 24,27/01/2026,שלישי,0.05,9.59
חדר החדשות איי 24,27/01/2026,שלישי,0.16,7.28
חדר החדשות איי 24,27/01/2026,שלישי,0.04,7.56
חדר החדשות איי 24,27/01/2026,שלישי,0.39,6.28
חדר החדשות איי 24,27/01/2026,שלישי,0.13,6.05
חדר החדשות איי 24,27/01/2026,שלישי,0.89,6.89
חדר החדשות איי 24,27/01/2026,שלישי,0.76,7.99
מהדורת 15,27/01/2026,שלישי,0.2,11.1
מהדורת חמש איי 24,27/01/2026,שלישי,0.4,16.46
מדד גלבוע,27/01/2026,שלישי,0.5,20.37
7 שרון גל,27/01/2026,שלישי,1.36,26.49
המהדורה המרכזית איי 24,27/01/2026,שלישי,1.54,35.95
הישראלים איי 24,27/01/2026,שלישי,0.52,43.06
מדברים חדשות,27/01/2026,שלישי,0.53,27.26
חדר החדשות איי 24,28/01/2026,רביעי,0,8.64
חדר החדשות איי 24,28/01/2026,רביעי,0.14,10.21
חדר החדשות איי 24,28/01/2026,רביעי,0.26,8.2
חדר החדשות איי 24,28/01/2026,רביעי,0.29,6.79
חדר החדשות איי 24,28/01/2026,רביעי,0.14,6.07
חדר החדשות איי 24,28/01/2026,רביעי,0.11,8.04
חדר החדשות איי 24,28/01/2026,רביעי,0.25,10.56
חדר החדשות איי 24,28/01/2026,רביעי,0.87,11.04
מהדורת 15,28/01/2026,רביעי,0.72,14.23
מהדורת חמש איי 24,28/01/2026,רביעי,0.79,17.53
מדד גלבוע,28/01/2026,רביעי,1.11,22.16
7 שרון גל,28/01/2026,רביעי,1.12,26.36
המהדורה המרכזית איי 24,28/01/2026,רביעי,0.54,32.92
הישראלים איי 24,28/01/2026,רביעי,0.55,35.2
מדברים חדשות,28/01/2026,רביעי,0.66,23.59
חדר החדשות איי 24,29/01/2026,חמישי,0.13,8.06
חדר החדשות איי 24,29/01/2026,חמישי,0.17,10.2
חדר החדשות איי 24,29/01/2026,חמישי,0.4,9.64
חדר החדשות איי 24,29/01/2026,חמישי,0.53,8.86
חדר החדשות איי 24,29/01/2026,חמישי,0.28,7.25
חדר החדשות איי 24,29/01/2026,חמישי,0,7.73
חדר החדשות איי 24,29/01/2026,חמישי,0.01,6.23
חדר החדשות איי 24,29/01/2026,חמישי,0.24,7.94
מהדורת 15,29/01/2026,חמישי,0.32,10.66
מהדורת חמש איי 24,29/01/2026,חמישי,0.37,15.64
מדד גלבוע,29/01/2026,חמישי,0.71,20.26
המהדורה המרכזית איי 24,29/01/2026,חמישי,0.88,31.91
הערביסטים,29/01/2026,חמישי,0.57,32.46
מדברים חדשות,29/01/2026,חמישי,0.49,28.25
חדר החדשות איי 24,30/01/2026,שישי,0.23,5.92
חדר החדשות איי 24,30/01/2026,שישי,0.12,8.88
חדר החדשות איי 24,30/01/2026,שישי,0.38,9.78
חדר החדשות איי 24,30/01/2026,שישי,0.06,10.34
חדר החדשות איי 24,30/01/2026,שישי,0.08,8.55
חדר החדשות איי 24,30/01/2026,שישי,0.03,7.2
חדר החדשות איי 24,30/01/2026,שישי,0.81,6.78
חדר החדשות איי 24,30/01/2026,שישי,1.15,9.79
חדר החדשות איי 24,30/01/2026,שישי,0.72,11.04
חדר החדשות איי 24,30/01/2026,שישי,1.35,10.92
המהדורה המוקדמת איי 24 - שישי,30/01/2026,שישי,2,16.78
קבינט שישי,30/01/2026,שישי,3.59,23.41
חדר החדשות איי 24,31/01/2026,שבת,0.62,5.78
חדר החדשות איי 24,31/01/2026,שבת,0.19,5.91
חדר החדשות איי 24,31/01/2026,שבת,0.72,7.17
חדר החדשות איי 24,31/01/2026,שבת,1.42,6.19
חדר החדשות איי 24,31/01/2026,שבת,1.15,8.26
חדר החדשות איי 24,31/01/2026,שבת,2.26,11.46
חדר החדשות איי 24,31/01/2026,שבת,2.19,15.83
המהדורה המוקדמת איי 24 - שבת,31/01/2026,שבת,1.98,23.82
מגזין השבת איי 24,31/01/2026,שבת,0.64,31.21
הערביסטים,31/01/2026,שבת,0.68,40.91
חדר החדשות איי 24,01/02/2026,ראשון,0,8.7
חדר החדשות איי 24,01/02/2026,ראשון,0,10.12
חדר החדשות איי 24,01/02/2026,ראשון,0,8
חדר החדשות איי 24,01/02/2026,ראשון,0.16,7.21
חדר החדשות איי 24,01/02/2026,ראשון,0.07,5.45
חדר החדשות איי 24,01/02/2026,ראשון,0.12,5.57
חדר החדשות איי 24,01/02/2026,ראשון,0.02,5.96
חדר החדשות איי 24,01/02/2026,ראשון,0.25,6.99
מהדורת 15,01/02/2026,ראשון,0.29,9.8
מהדורת חמש איי 24,01/02/2026,ראשון,0.34,13.11
מדד גלבוע,01/02/2026,ראשון,0.83,17.7
7 שרון גל,01/02/2026,ראשון,1.03,23.56
המהדורה המרכזית איי 24,01/02/2026,ראשון,1.04,30.41
הישראלים איי 24,01/02/2026,ראשון,0.37,36.25
מדברים חדשות,01/02/2026,ראשון,0.37,27.44
חדר החדשות איי 24,02/02/2026,שני,0.01,8.19
חדר החדשות איי 24,02/02/2026,שני,0,9.76
חדר החדשות איי 24,02/02/2026,שני,0.02,8.41
חדר החדשות איי 24,02/02/2026,שני,0.02,6.14
חדר החדשות איי 24,02/02/2026,שני,0.03,5.73
חדר החדשות איי 24,02/02/2026,שני,0.05,6.36
חדר החדשות איי 24,02/02/2026,שני,0.36,7.87
חדר החדשות איי 24,02/02/2026,שני,0.53,6.89
מהדורת 15,02/02/2026,שני,0.26,10.77
מהדורת חמש איי 24,02/02/2026,שני,0.24,13.19
מדד גלבוע,02/02/2026,שני,0.97,18.43
7 שרון גל,02/02/2026,שני,1.78,21.9
המהדורה המרכזית איי 24,02/02/2026,שני,1.07,30.2
הישראלים איי 24,02/02/2026,שני,0.61,33.91
מדברים חדשות,02/02/2026,שני,0.4,26.26
חדר החדשות איי 24,03/02/2026,שלישי,0,7.78
חדר החדשות איי 24,03/02/2026,שלישי,0.14,8.22
חדר החדשות איי 24,03/02/2026,שלישי,0.15,7.26
חדר החדשות איי 24,03/02/2026,שלישי,0.29,6.97
חדר החדשות איי 24,03/02/2026,שלישי,0,6.13
חדר החדשות איי 24,03/02/2026,שלישי,0.41,6.36
חדר החדשות איי 24,03/02/2026,שלישי,0.2,6.74
חדר החדשות איי 24,03/02/2026,שלישי,0.25,9.16
מהדורת 15,03/02/2026,שלישי,0.47,11.19
מהדורת חמש איי 24,03/02/2026,שלישי,0.31,14.12
מדד גלבוע,03/02/2026,שלישי,1.19,19.42
7 שרון גל,03/02/2026,שלישי,1.38,24.08
המהדורה המרכזית איי 24,03/02/2026,שלישי,0.79,31.12
הישראלים איי 24,03/02/2026,שלישי,0.47,37.06
מדברים חדשות,03/02/2026,שלישי,0.43,30.2
חדר החדשות איי 24,04/02/2026,רביעי,0.17,9.07
חדר החדשות איי 24,04/02/2026,רביעי,0.11,9.97
חדר החדשות איי 24,04/02/2026,רביעי,0.02,7.71
חדר החדשות איי 24,04/02/2026,רביעי,0.08,7.04
חדר החדשות איי 24,04/02/2026,רביעי,0.07,5.32
חדר החדשות איי 24,04/02/2026,רביעי,0,6
חדר החדשות איי 24,04/02/2026,רביעי,0.08,5.63
חדר החדשות איי 24,04/02/2026,רביעי,0.17,6.34
מהדורת 15,04/02/2026,רביעי,0.45,9.45
מהדורת חמש איי 24,04/02/2026,רביעי,0.37,11.99
מדד גלבוע,04/02/2026,רביעי,1.3,17.2
המהדורה המרכזית איי 24,04/02/2026,רביעי,1.2,29.04
הישראלים איי 24,04/02/2026,רביעי,0.44,36.6
מדברים חדשות,04/02/2026,רביעי,0.23,26.74
חדר החדשות איי 24,05/02/2026,חמישי,0,8.49
חדר החדשות איי 24,05/02/2026,חמישי,0,9.89
חדר החדשות איי 24,05/02/2026,חמישי,0.21,7.89
חדר החדשות איי 24,05/02/2026,חמישי,0.2,6.27
חדר החדשות איי 24,05/02/2026,חמישי,0.01,6.01
חדר החדשות איי 24,05/02/2026,חמישי,0,5.32
חדר החדשות איי 24,05/02/2026,חמישי,0,5.67
חדר החדשות איי 24,05/02/2026,חמישי,0.09,7.46
מהדורת 15,05/02/2026,חמישי,0.4,11
מהדורת חמש איי 24,05/02/2026,חמישי,0.49,14.65
מדד גלבוע,05/02/2026,חמישי,0.42,19.44
המהדורה המרכזית איי 24,05/02/2026,חמישי,0.58,30.45
הערביסטים,05/02/2026,חמישי,1.34,31.29
מדברים חדשות,05/02/2026,חמישי,0.82,22.51
חדר החדשות איי 24,06/02/2026,שישי,0.07,7.48
חדר החדשות איי 24,06/02/2026,שישי,0.22,9.68
חדר החדשות איי 24,06/02/2026,שישי,0.28,10.61
חדר החדשות איי 24,06/02/2026,שישי,0.21,8.32
חדר החדשות איי 24,06/02/2026,שישי,0.23,7.57
חדר החדשות איי 24,06/02/2026,שישי,0.44,6.89
חדר החדשות איי 24,06/02/2026,שישי,0.67,6.85
חדר החדשות איי 24,06/02/2026,שישי,0.43,8.2
חדר החדשות איי 24,06/02/2026,שישי,0.49,7.8
חדר החדשות איי 24,06/02/2026,שישי,0.99,8.7
המהדורה המוקדמת איי 24 - שישי,06/02/2026,שישי,1.61,14.25
קבינט שישי,06/02/2026,שישי,3.02,21.12
חדר החדשות איי 24,07/02/2026,שבת,0.46,5.34
חדר החדשות איי 24,07/02/2026,שבת,0.65,5.22
חדר החדשות איי 24,07/02/2026,שבת,1.1,5.41
חדר החדשות איי 24,07/02/2026,שבת,0.54,4.9
חדר החדשות איי 24,07/02/2026,שבת,0.98,5.43
חדר החדשות איי 24,07/02/2026,שבת,0.68,7.62
חדר החדשות איי 24,07/02/2026,שבת,0.6,8.37
חדר החדשות איי 24,07/02/2026,שבת,1.44,10.27
המהדורה המוקדמת איי 24 - שבת,07/02/2026,שבת,0.98,19.66
מגזין השבת איי 24,07/02/2026,שבת,1.29,33.04
הערביסטים,07/02/2026,שבת,0.72,41.19
חדר החדשות איי 24,08/02/2026,ראשון,0,5.92
חדר החדשות איי 24,08/02/2026,ראשון,0.06,9.73
חדר החדשות איי 24,08/02/2026,ראשון,0.02,7.89
חדר החדשות איי 24,08/02/2026,ראשון,0,6.4
חדר החדשות איי 24,08/02/2026,ראשון,0,4.65
חדר החדשות איי 24,08/02/2026,ראשון,0.26,5.48
חדר החדשות איי 24,08/02/2026,ראשון,0.27,7.11
חדר החדשות איי 24,08/02/2026,ראשון,0,5.82
מהדורת 15,08/02/2026,ראשון,0.19,10.14
מהדורת חמש איי 24,08/02/2026,ראשון,0.39,12.55
מדד גלבוע,08/02/2026,ראשון,0.57,17.58
7 שרון גל,08/02/2026,ראשון,0.91,23.7
המהדורה המרכזית איי 24,08/02/2026,ראשון,0.91,32.09
הישראלים איי 24,08/02/2026,ראשון,0.27,35.82
מדברים חדשות,08/02/2026,ראשון,0.14,31.23
חדר החדשות איי 24,09/02/2026,שני,0,7.08
חדר החדשות איי 24,09/02/2026,שני,0.24,8.99
חדר החדשות איי 24,09/02/2026,שני,0.37,7.44
חדר החדשות איי 24,09/02/2026,שני,0.1,7.54
חדר החדשות איי 24,09/02/2026,שני,0.1,6.07
חדר החדשות איי 24,09/02/2026,שני,0.13,6.4
חדר החדשות איי 24,09/02/2026,שני,0,6.31
מהדורת 15,09/02/2026,שני,0.21,9.44
מהדורת חמש איי 24,09/02/2026,שני,0.29,11.99
מדד גלבוע,09/02/2026,שני,0.51,17.08
7 שרון גל,09/02/2026,שני,1.11,21.66
המהדורה המרכזית איי 24,09/02/2026,שני,1,29.68
הישראלים איי 24,09/02/2026,שני,0.48,36.39
מדברים חדשות,09/02/2026,שני,0.37,30.22
חדר החדשות איי 24,10/02/2026,שלישי,0,7.37
חדר החדשות איי 24,10/02/2026,שלישי,0,8.61
חדר החדשות איי 24,10/02/2026,שלישי,0.19,6.75
חדר החדשות איי 24,10/02/2026,שלישי,0.08,5.17
חדר החדשות איי 24,10/02/2026,שלישי,0.22,3.89
חדר החדשות איי 24,10/02/2026,שלישי,0.77,4.98
חדר החדשות איי 24,10/02/2026,שלישי,0.45,7.24
חדר החדשות איי 24,10/02/2026,שלישי,0.23,6.91
מהדורת 15,10/02/2026,שלישי,0.03,7.71
מהדורת חמש איי 24,10/02/2026,שלישי,0.13,12.35
מדד גלבוע,10/02/2026,שלישי,0.44,18.52
7 שרון גל,10/02/2026,שלישי,1.53,22.2
המהדורה המרכזית איי 24,10/02/2026,שלישי,1.19,31.56
הישראלים איי 24,10/02/2026,שלישי,0.31,38.9
מדברים חדשות,10/02/2026,שלישי,0.27,23.41
חדר החדשות איי 24,11/02/2026,רביעי,0,8.86
חדר החדשות איי 24,11/02/2026,רביעי,0,8.05
חדר החדשות איי 24,11/02/2026,רביעי,0.1,7.84
חדר החדשות איי 24,11/02/2026,רביעי,0.18,6.4
חדר החדשות איי 24,11/02/2026,רביעי,0.34,5.56
חדר החדשות איי 24,11/02/2026,רביעי,0.34,4.37
חדר החדשות איי 24,11/02/2026,רביעי,0.08,7.14
חדר החדשות איי 24,11/02/2026,רביעי,0.32,7.66
מהדורת 15,11/02/2026,רביעי,0.24,11.47
מהדורת חמש איי 24,11/02/2026,רביעי,0.43,13.66
המהדורה המרכזית איי 24,11/02/2026,רביעי,0.76,31.18
הישראלים איי 24,11/02/2026,רביעי,0.29,35.84
מדברים חדשות,11/02/2026,רביעי,0.15,21.91
חדר החדשות איי 24,12/02/2026,חמישי,0,7.98
חדר החדשות איי 24,12/02/2026,חמישי,0,9
חדר החדשות איי 24,12/02/2026,חמישי,0.09,8.5
חדר החדשות איי 24,12/02/2026,חמישי,0.19,7.47
חדר החדשות איי 24,12/02/2026,חמישי,0.11,5.69
חדר החדשות איי 24,12/02/2026,חמישי,0.04,5.47
חדר החדשות איי 24,12/02/2026,חמישי,0.04,5.16
חדר החדשות איי 24,12/02/2026,חמישי,0,6.36
מהדורת 15,12/02/2026,חמישי,0.87,8.89
מהדורת חמש איי 24,12/02/2026,חמישי,0.98,11.77
מדד גלבוע,12/02/2026,חמישי,1.08,16.21
המהדורה המרכזית איי 24,12/02/2026,חמישי,0.48,26.97
הערביסטים,12/02/2026,חמישי,0.45,31.27
מדברים חדשות,12/02/2026,חמישי,0.67,25.23
חדר החדשות איי 24,13/02/2026,שישי,0.17,7.3
חדר החדשות איי 24,13/02/2026,שישי,0.17,10.83
חדר החדשות איי 24,13/02/2026,שישי,0.11,9.22
חדר החדשות איי 24,13/02/2026,שישי,0.01,7.4
חדר החדשות איי 24,13/02/2026,שישי,0,6.75
חדר החדשות איי 24,13/02/2026,שישי,0.04,6.08
חדר החדשות איי 24,13/02/2026,שישי,0.17,4.87
חדר החדשות איי 24,13/02/2026,שישי,0.99,6.47
חדר החדשות איי 24,13/02/2026,שישי,1.06,7.01
חדר החדשות איי 24,13/02/2026,שישי,1.13,9.22
המהדורה המוקדמת איי 24 - שישי,13/02/2026,שישי,1.57,13.24
קבינט שישי,13/02/2026,שישי,2.52,18.76
חדר החדשות איי 24,14/02/2026,שבת,0.32,3.84
חדר החדשות איי 24,14/02/2026,שבת,0.34,3.66
חדר החדשות איי 24,14/02/2026,שבת,0.65,4.61
חדר החדשות איי 24,14/02/2026,שבת,0.57,4.05
חדר החדשות איי 24,14/02/2026,שבת,0.4,4.83
חדר החדשות איי 24,14/02/2026,שבת,0.91,6.12
חדר החדשות איי 24,14/02/2026,שבת,1.43,7.25
חדר החדשות איי 24,14/02/2026,שבת,1.02,9.84
המהדורה המוקדמת איי 24 - שבת,14/02/2026,שבת,1.33,18.45
מגזין השבת איי 24,14/02/2026,שבת,0.55,28.09
הערביסטים,14/02/2026,שבת,0.81,40.13
חדר החדשות איי 24,15/02/2026,ראשון,0.02,6.91
חדר החדשות איי 24,15/02/2026,ראשון,0.07,8.46
חדר החדשות איי 24,15/02/2026,ראשון,0.21,7.6
חדר החדשות איי 24,15/02/2026,ראשון,0,7.09
חדר החדשות איי 24,15/02/2026,ראשון,0,6.55
חדר החדשות איי 24,15/02/2026,ראשון,0,4.74
חדר החדשות איי 24,15/02/2026,ראשון,0.18,7.1
חדר החדשות איי 24,15/02/2026,ראשון,0.04,8.53
מהדורת 15,15/02/2026,ראשון,0.35,10.06
מהדורת חמש איי 24,15/02/2026,ראשון,0.49,12.19
מדד גלבוע,15/02/2026,ראשון,0.47,16.73
7 שרון גל,15/02/2026,ראשון,1.24,23.22
המהדורה המרכזית איי 24,15/02/2026,ראשון,0.71,30.11
הישראלים איי 24,15/02/2026,ראשון,0.21,32.85
חדר החדשות איי 24,16/02/2026,שני,0,7.93
חדר החדשות איי 24,16/02/2026,שני,0.1,7.37
חדר החדשות איי 24,16/02/2026,שני,0,6.78
חדר החדשות איי 24,16/02/2026,שני,0.6,5.6
חדר החדשות איי 24,16/02/2026,שני,0.13,4.5
חדר החדשות איי 24,16/02/2026,שני,0.17,4.32
חדר החדשות איי 24,16/02/2026,שני,0.15,7.12
חדר החדשות איי 24,16/02/2026,שני,0,6.79
מהדורת 15,16/02/2026,שני,0.01,8.75
מהדורת חמש איי 24,16/02/2026,שני,0.52,11.91
מדד גלבוע,16/02/2026,שני,0.85,15.49
7 שרון גל,16/02/2026,שני,1.48,20.3
המהדורה המרכזית איי 24,16/02/2026,שני,1.23,28.46
הישראלים איי 24,16/02/2026,שני,0.72,31.24
חדר החדשות איי 24,17/02/2026,שלישי,0,7.87
חדר החדשות איי 24,17/02/2026,שלישי,0.1,7.5
חדר החדשות איי 24,17/02/2026,שלישי,0,8.07
חדר החדשות איי 24,17/02/2026,שלישי,0.51,6.68
חדר החדשות איי 24,17/02/2026,שלישי,0.13,5.73
חדר החדשות איי 24,17/02/2026,שלישי,0.15,5.67
חדר החדשות איי 24,17/02/2026,שלישי,0,6.36
חדר החדשות איי 24,17/02/2026,שלישי,0.25,6.31
מהדורת 15,17/02/2026,שלישי,0.41,7.33
מהדורת חמש איי 24,17/02/2026,שלישי,0.59,10.97
מדד גלבוע,17/02/2026,שלישי,0.89,15.46
7 שרון גל,17/02/2026,שלישי,1.49,21.45
המהדורה המרכזית איי 24,17/02/2026,שלישי,0.77,29.56
הישראלים איי 24,17/02/2026,שלישי,0.15,34.79
חדר החדשות איי 24,18/02/2026,רביעי,0.18,9
חדר החדשות איי 24,18/02/2026,רביעי,0.15,9.53
חדר החדשות איי 24,18/02/2026,רביעי,0,7.22
חדר החדשות איי 24,18/02/2026,רביעי,0.14,6.71
חדר החדשות איי 24,18/02/2026,רביעי,0.14,4.54
חדר החדשות איי 24,18/02/2026,רביעי,0.21,4.78
חדר החדשות איי 24,18/02/2026,רביעי,0.17,7.07
חדר החדשות איי 24,18/02/2026,רביעי,0.01,8
מהדורת 15,18/02/2026,רביעי,0.13,11.15
מהדורת חמש איי 24,18/02/2026,רביעי,0.24,12.62
מדד גלבוע,18/02/2026,רביעי,0.65,18.29
7 שרון גל,18/02/2026,רביעי,0.75,22.32
המהדורה המרכזית איי 24,18/02/2026,רביעי,1.35,34.39
הישראלים איי 24,18/02/2026,רביעי,0.74,39.6
חדר החדשות איי 24,19/02/2026,חמישי,0,8.57
חדר החדשות איי 24,19/02/2026,חמישי,0.17,7.4
חדר החדשות איי 24,19/02/2026,חמישי,0.17,8.77
חדר החדשות איי 24,19/02/2026,חמישי,0.31,6.89
חדר החדשות איי 24,19/02/2026,חמישי,0.22,5.81
חדר החדשות איי 24,19/02/2026,חמישי,0.34,6.43
חדר החדשות איי 24,19/02/2026,חמישי,0.16,7.05
חדר החדשות איי 24,19/02/2026,חמישי,0.01,7.51
מהדורת 15,19/02/2026,חמישי,0.53,12.3
מהדורת חמש איי 24,19/02/2026,חמישי,0.52,16.09
מדד גלבוע,19/02/2026,חמישי,1.01,19.46
המהדורה המרכזית איי 24,19/02/2026,חמישי,0.9,31.96
הערביסטים,19/02/2026,חמישי,1.1,33.61
חדר החדשות איי 24,19/02/2026,חמישי,0.61,28.42
חדר החדשות איי 24,20/02/2026,שישי,0.51,6.98
חדר החדשות איי 24,20/02/2026,שישי,0.47,9.03
חדר החדשות איי 24,20/02/2026,שישי,0.69,10.81
חדר החדשות איי 24,20/02/2026,שישי,0.65,9.33
חדר החדשות איי 24,20/02/2026,שישי,0.27,7.97
חדר החדשות איי 24,20/02/2026,שישי,0.9,6.15
חדר החדשות איי 24,20/02/2026,שישי,0.8,4.96
חדר החדשות איי 24,20/02/2026,שישי,0.74,6.02
חדר החדשות איי 24,20/02/2026,שישי,0.52,7.92
חדר החדשות איי 24,20/02/2026,שישי,0.96,11.18
המהדורה המוקדמת איי 24 - שישי,20/02/2026,שישי,1.33,15.09
קבינט שישי,20/02/2026,שישי,3.59,22.42
חדר החדשות איי 24,21/02/2026,שבת,0.64,5.82
חדר החדשות איי 24,21/02/2026,שבת,0.4,7.49
חדר החדשות איי 24,21/02/2026,שבת,0.96,10.79
המהדורה המוקדמת איי 24 - שבת,21/02/2026,שבת,1.09,20.09
מגזין השבת איי 24,21/02/2026,שבת,1.64,32.36
הערביסטים,21/02/2026,שבת,0.76,41.34
חדר החדשות איי 24,22/02/2026,ראשון,0,8.03
חדר החדשות איי 24,22/02/2026,ראשון,0.18,10.15
חדר החדשות איי 24,22/02/2026,ראשון,0.01,8.21
חדר החדשות איי 24,22/02/2026,ראשון,0.07,5.67
חדר החדשות איי 24,22/02/2026,ראשון,0.1,3.56
חדר החדשות איי 24,22/02/2026,ראשון,0.29,4.8
מדברים חדשות,22/02/2026,ראשון,0.22,6.97
מהדורת 15,22/02/2026,ראשון,0.21,9.88
מהדורת חמש איי 24,22/02/2026,ראשון,0.46,13.17
מדד גלבוע,22/02/2026,ראשון,0.9,18.03
7 שרון גל,22/02/2026,ראשון,1.1,23.7
המהדורה המרכזית איי 24,22/02/2026,ראשון,0.92,30.26
הישראלים איי 24,22/02/2026,ראשון,0.17,35.31
חדר החדשות איי 24,23/02/2026,שני,0.16,9.05
חדר החדשות איי 24,23/02/2026,שני,0.01,8.78
חדר החדשות איי 24,23/02/2026,שני,0.04,7.78
חדר החדשות איי 24,23/02/2026,שני,0.13,7.17
חדר החדשות איי 24,23/02/2026,שני,0.21,5.34
חדר החדשות איי 24,23/02/2026,שני,0.23,5.86
מדברים חדשות,23/02/2026,שני,0.37,7.1
מהדורת 15,23/02/2026,שני,0.57,10.84
מהדורת חמש איי 24,23/02/2026,שני,0.45,14.75
מדד גלבוע,23/02/2026,שני,0.99,19.08
7 שרון גל,23/02/2026,שני,1.07,23.17
המהדורה המרכזית איי 24,23/02/2026,שני,0.78,30.06
הישראלים איי 24,23/02/2026,שני,0.31,32.73
חדר החדשות איי 24,24/02/2026,שלישי,0.19,9.04
חדר החדשות איי 24,24/02/2026,שלישי,0.24,9.54
חדר החדשות איי 24,24/02/2026,שלישי,0.26,9.19
חדר החדשות איי 24,24/02/2026,שלישי,0.44,8.56
חדר החדשות איי 24,24/02/2026,שלישי,0.24,6.28
חדר החדשות איי 24,24/02/2026,שלישי,0.23,6.68
מדברים חדשות,24/02/2026,שלישי,0.07,6.67
מהדורת 15,24/02/2026,שלישי,0.36,10.27
מהדורת חמש איי 24,24/02/2026,שלישי,0.27,13.74
מדד גלבוע,24/02/2026,שלישי,0.63,19.57
7 שרון גל,24/02/2026,שלישי,0.98,23.64
המהדורה המרכזית איי 24,24/02/2026,שלישי,0.66,31.06
הישראלים איי 24,24/02/2026,שלישי,0.25,36.54
חדר החדשות איי 24,25/02/2026,רביעי,0.02,10
חדר החדשות איי 24,25/02/2026,רביעי,0.26,8.74
חדר החדשות איי 24,25/02/2026,רביעי,0.02,6.61
חדר החדשות איי 24,25/02/2026,רביעי,0.12,5.06
חדר החדשות איי 24,25/02/2026,רביעי,0.23,4.16
חדר החדשות איי 24,25/02/2026,רביעי,0.73,4.49
מדברים חדשות,25/02/2026,רביעי,0.32,8.33
מהדורת 15,25/02/2026,רביעי,0.88,12.1
מהדורת חמש איי 24,25/02/2026,רביעי,0.57,14.29
מדד גלבוע,25/02/2026,רביעי,0.99,18.97
7 שרון גל,25/02/2026,רביעי,1.25,25.17
המהדורה המרכזית איי 24,25/02/2026,רביעי,0.58,30.64
הישראלים איי 24,25/02/2026,רביעי,0.37,35.82
חדר החדשות איי 24,26/02/2026,חמישי,0.37,9.12
חדר החדשות איי 24,26/02/2026,חמישי,0.05,9.21
חדר החדשות איי 24,26/02/2026,חמישי,0.42,8.77
חדר החדשות איי 24,26/02/2026,חמישי,0.23,7.44
חדר החדשות איי 24,26/02/2026,חמישי,0.52,7.74
חדר החדשות איי 24,26/02/2026,חמישי,0.2,6.93
מדברים חדשות,26/02/2026,חמישי,0.23,8.29
מהדורת 15,26/02/2026,חמישי,0.62,11.79
מהדורת חמש איי 24,26/02/2026,חמישי,0.93,14.59
מדד גלבוע,26/02/2026,חמישי,1.07,18.67
המהדורה המרכזית איי 24,26/02/2026,חמישי,0.71,29.61
הערביסטים,26/02/2026,חמישי,0.87,29.18
חדר החדשות איי 24,26/02/2026,חמישי,0.55,25.86
חדר החדשות איי 24,27/02/2026,שישי,0.22,6.52
חדר החדשות איי 24,27/02/2026,שישי,0,9.79
חדר החדשות איי 24,27/02/2026,שישי,0.22,10.99
חדר החדשות איי 24,27/02/2026,שישי,0.15,11.31
חדר החדשות איי 24,27/02/2026,שישי,0.22,9.32
חדר החדשות איי 24,27/02/2026,שישי,0.33,6.91
חדר החדשות איי 24,27/02/2026,שישי,0.26,6.56
חדר החדשות איי 24,27/02/2026,שישי,0.08,8.37
חדר החדשות איי 24,27/02/2026,שישי,0.68,10.61
חדר החדשות איי 24,27/02/2026,שישי,1.68,12.82
המהדורה המוקדמת איי 24 - שישי,27/02/2026,שישי,2.79,15.87
קבינט שישי,27/02/2026,שישי,3.84,25.17
המהדורה המוקדמת איי 24 - שבת,28/02/2026,שבת,3.38,39.1
מגזין השבת איי 24,28/02/2026,שבת,1.47,48.23
מהדורת 15,01/03/2026,ראשון,0.9,30.5
מהדורת חמש איי 24,01/03/2026,ראשון,1.51,32.31
7 שרון גל,01/03/2026,ראשון,2.18,36.85
המהדורה המרכזית איי 24,01/03/2026,ראשון,1.07,43.52
הערביסטים,01/03/2026,ראשון,1.06,37.38
הישראלים איי 24,01/03/2026,ראשון,0.87,27.33
חדר החדשות איי 24,02/03/2026,שני,0.03,7.95
חדר החדשות איי 24,02/03/2026,שני,0.01,5.55
חדר החדשות איי 24,02/03/2026,שני,0.01,3.75
חדר החדשות איי 24,02/03/2026,שני,0,3.25
חדר החדשות איי 24,02/03/2026,שני,0.14,6.32
חדר החדשות איי 24,02/03/2026,שני,0.5,22.82
חדר החדשות איי 24,02/03/2026,שני,0.6,23.45
מהדורת 15,02/03/2026,שני,1.45,25.97
מדד גלבוע,02/03/2026,שני,0.95,26.66
7 שרון גל,02/03/2026,שני,1.63,33.65
המהדורה המרכזית איי 24,02/03/2026,שני,1.07,44.2
הישראלים איי 24,02/03/2026,שני,0.54,38.78
חדר החדשות איי 24,03/03/2026,שלישי,0.14,8.96
חדר החדשות איי 24,03/03/2026,שלישי,0,6.09
חדר החדשות איי 24,03/03/2026,שלישי,0.38,5.54
חדר החדשות איי 24,03/03/2026,שלישי,0,4.14
חדר החדשות איי 24,03/03/2026,שלישי,0.04,5.92
חדר החדשות איי 24,03/03/2026,שלישי,0.49,15.28
חדר החדשות איי 24,03/03/2026,שלישי,0.89,23.15
מהדורת 15,03/03/2026,שלישי,0.72,24.85
מדד גלבוע,03/03/2026,שלישי,1.29,26
7 שרון גל,03/03/2026,שלישי,1.86,33.04
המהדורה המרכזית איי 24,03/03/2026,שלישי,1.26,41.79
הישראלים איי 24,03/03/2026,שלישי,0.68,33.34
חדר החדשות איי 24,04/03/2026,רביעי,0.54,4.32
חדר החדשות איי 24,04/03/2026,רביעי,0.38,13.22
חדר החדשות איי 24,04/03/2026,רביעי,0.4,16.62
חדר החדשות איי 24,04/03/2026,רביעי,0.46,17.57
מהדורת 15,04/03/2026,רביעי,0.98,23.59
מדד גלבוע,04/03/2026,רביעי,1.33,26.01
7 שרון גל,04/03/2026,רביעי,1.5,33.03
המהדורה המרכזית איי 24,04/03/2026,רביעי,1.1,41.22
הישראלים איי 24,04/03/2026,רביעי,0.82,42.9
חדר החדשות איי 24,05/03/2026,חמישי,0.02,8.06
חדר החדשות איי 24,05/03/2026,חמישי,0.02,11.28
חדר החדשות איי 24,05/03/2026,חמישי,0.39,13.87
חדר החדשות איי 24,05/03/2026,חמישי,0.29,14.34
חדר החדשות איי 24,05/03/2026,חמישי,0.54,15.87
חדר החדשות איי 24,05/03/2026,חמישי,0.78,17.44
חדר החדשות איי 24,05/03/2026,חמישי,0.47,17.86
חדר החדשות איי 24,05/03/2026,חמישי,0.47,16.46
חדר החדשות איי 24,05/03/2026,חמישי,0.49,19.25
חדר החדשות איי 24,05/03/2026,חמישי,0.74,18.68
חדר החדשות איי 24,05/03/2026,חמישי,0.77,22.32
חדר החדשות איי 24,05/03/2026,חמישי,0.78,25.99
המהדורה המרכזית איי 24,05/03/2026,חמישי,1.01,39.8
הערביסטים,05/03/2026,חמישי,0.92,36.49
חדר החדשות איי 24,05/03/2026,חמישי,0.3,25.68
חדר החדשות איי 24,05/03/2026,חמישי,0.45,18.24
חדר החדשות איי 24,06/03/2026,שישי,0.12,8.05
חדר החדשות איי 24,06/03/2026,שישי,0.26,11.33
חדר החדשות איי 24,06/03/2026,שישי,0.26,13.84
חדר החדשות איי 24,06/03/2026,שישי,0.47,18.09
חדר החדשות איי 24,06/03/2026,שישי,0.47,16.93
חדר החדשות איי 24,06/03/2026,שישי,1.32,19.26
המהדורה המוקדמת איי 24 - שישי,06/03/2026,שישי,2.94,23.19
קבינט שישי,06/03/2026,שישי,5.07,28.88
מדד גלבוע,06/03/2026,שישי,2.63,17.23
חדר החדשות איי 24,07/03/2026,שבת,0.77,6
חדר החדשות איי 24,07/03/2026,שבת,0.88,8.31
חדר החדשות איי 24,07/03/2026,שבת,0.83,7.42
חדר החדשות איי 24,07/03/2026,שבת,1.29,7.29
חדר החדשות איי 24,07/03/2026,שבת,1.17,12.34
חדר החדשות איי 24,07/03/2026,שבת,2.3,14.52
חדר החדשות איי 24,07/03/2026,שבת,3.15,17.18
המהדורה המוקדמת איי 24 - שבת,07/03/2026,שבת,3.07,28.84
מגזין השבת איי 24,07/03/2026,שבת,2.41,41.18
הישראלים איי 24,07/03/2026,שבת,0.62,34.5
חדר החדשות איי 24,08/03/2026,ראשון,0.47,16.54
חדר החדשות איי 24,08/03/2026,ראשון,0.17,11.96
מדברים חדשות,08/03/2026,ראשון,0.27,13.57
מהדורת 15,08/03/2026,ראשון,0.77,20.18
מדד גלבוע,08/03/2026,ראשון,0.74,22.44
7 שרון גל,08/03/2026,ראשון,1.81,32.74
המהדורה המרכזית איי 24,08/03/2026,ראשון,0.96,41.06
הערביסטים,08/03/2026,ראשון,0.81,40.16
הישראלים איי 24,08/03/2026,ראשון,0.14,22.07
חדר החדשות איי 24,09/03/2026,שני,0.19,9.94
חדר החדשות איי 24,09/03/2026,שני,0.13,12.83
חדר החדשות איי 24,09/03/2026,שני,0.4,15.94
מדברים חדשות,09/03/2026,שני,0.42,17.05
מהדורת חמש איי 24,09/03/2026,שני,1.04,24.96
מדד גלבוע,09/03/2026,שני,0.83,28.2
7 שרון גל,09/03/2026,שני,0.67,32.35
המהדורה המרכזית איי 24,09/03/2026,שני,0.8,40.88
הישראלים איי 24,09/03/2026,שני,0.69,30.25
חדר החדשות איי 24,10/03/2026,שלישי,0.21,9.91
חדר החדשות איי 24,10/03/2026,שלישי,0.08,12.19
חדר החדשות איי 24,10/03/2026,שלישי,0.38,14.89
מדברים חדשות,10/03/2026,שלישי,0.61,16.07
מהדורת חמש איי 24,10/03/2026,שלישי,0.61,21.09
מדד גלבוע,10/03/2026,שלישי,0.96,26.05
7 שרון גל,10/03/2026,שלישי,2.23,31.43
המהדורה המרכזית איי 24,10/03/2026,שלישי,1.64,40.54
הישראלים איי 24,10/03/2026,שלישי,0.34,40.36
חדר החדשות איי 24,11/03/2026,רביעי,0.04,9.27
חדר החדשות איי 24,11/03/2026,רביעי,0.03,10.44
חדר החדשות איי 24,11/03/2026,רביעי,0.24,12.86
מדברים חדשות,11/03/2026,רביעי,0.38,14.78
מהדורת חמש איי 24,11/03/2026,רביעי,0.34,17.65
מדד גלבוע,11/03/2026,רביעי,0.85,25.13
7 שרון גל,11/03/2026,רביעי,1.59,32.48
המהדורה המרכזית איי 24,11/03/2026,רביעי,1.32,41.91
הישראלים איי 24,11/03/2026,רביעי,0.55,34.07
חדר החדשות איי 24,12/03/2026,חמישי,0.24,10.59
חדר החדשות איי 24,12/03/2026,חמישי,0.24,12.33
חדר החדשות איי 24,12/03/2026,חמישי,0.24,12.77
מדברים חדשות,12/03/2026,חמישי,0.54,12.72
מהדורת חמש איי 24,12/03/2026,חמישי,0.75,20.31
מדד גלבוע,12/03/2026,חמישי,0.93,25.67
7 שרון גל,12/03/2026,חמישי,1.33,30.73
המהדורה המרכזית איי 24,12/03/2026,חמישי,1.14,38.66
הערביסטים,12/03/2026,חמישי,0.85,30.62
חדר החדשות איי 24,12/03/2026,חמישי,0.74,18.05
חדר החדשות איי 24,13/03/2026,שישי,0.66,8.72
חדר החדשות איי 24,13/03/2026,שישי,0.93,10.9
חדר החדשות איי 24,13/03/2026,שישי,0.45,11.64
חדר החדשות איי 24,13/03/2026,שישי,0.74,14.42
חדר החדשות איי 24,13/03/2026,שישי,1.98,18.56
המהדורה המוקדמת איי 24 - שישי,13/03/2026,שישי,4.2,22.44
קבינט שישי,13/03/2026,שישי,5.32,27.48
מדד גלבוע,13/03/2026,שישי,2.5,20.5
חדר החדשות איי 24,14/03/2026,שבת,0.45,4.81
חדר החדשות איי 24,14/03/2026,שבת,0.76,5.42
חדר החדשות איי 24,14/03/2026,שבת,0.9,7.43
חדר החדשות איי 24,14/03/2026,שבת,1.26,10.81
חדר החדשות איי 24,14/03/2026,שבת,1.59,11.97
חדר החדשות איי 24,14/03/2026,שבת,2.35,18.71
המהדורה המוקדמת איי 24 - שבת,14/03/2026,שבת,2.76,27.97
מגזין השבת איי 24,14/03/2026,שבת,2.07,38.68
הישראלים איי 24,14/03/2026,שבת,0.87,41.11
חדר החדשות איי 24,15/03/2026,ראשון,0.18,13.74
חדר החדשות איי 24,15/03/2026,ראשון,0.25,13.99
חדר החדשות איי 24,15/03/2026,ראשון,0.34,10.54
מדברים חדשות,15/03/2026,ראשון,0.48,15.18
מהדורת חמש איי 24,15/03/2026,ראשון,0.62,20.63
מדד גלבוע,15/03/2026,ראשון,0.71,24.4
7 שרון גל,15/03/2026,ראשון,1.61,30.06
המהדורה המרכזית איי 24,15/03/2026,ראשון,0.84,39.21
הערביסטים,15/03/2026,ראשון,0.65,42.42
הישראלים איי 24,15/03/2026,ראשון,0.25,22.16
חדר החדשות איי 24,16/03/2026,שני,0.07,9.92
חדר החדשות איי 24,16/03/2026,שני,0.14,11.86
חדר החדשות איי 24,16/03/2026,שני,0.69,12.69
מדברים חדשות,16/03/2026,שני,0.31,12.76
מהדורת חמש איי 24,16/03/2026,שני,0.8,17.3
מדד גלבוע,16/03/2026,שני,0.89,24.29
7 שרון גל,16/03/2026,שני,2.09,29.61
המהדורה המרכזית איי 24,16/03/2026,שני,0.98,37.95
הישראלים איי 24,16/03/2026,שני,0.38,34.36
חדר החדשות איי 24,17/03/2026,שלישי,0.21,10.52
חדר החדשות איי 24,17/03/2026,שלישי,0.21,11.26
חדר החדשות איי 24,17/03/2026,שלישי,0.27,12.17
מדברים חדשות,17/03/2026,שלישי,0.46,16.84
מהדורת חמש איי 24,17/03/2026,שלישי,0.69,20.34
מדד גלבוע,17/03/2026,שלישי,1.29,28.46
7 שרון גל,17/03/2026,שלישי,1.77,31.58
המהדורה המרכזית איי 24,17/03/2026,שלישי,1.25,41.25
הישראלים איי 24,17/03/2026,שלישי,0.63,37.9
חדר החדשות איי 24,18/03/2026,רביעי,0.22,12.43
חדר החדשות איי 24,18/03/2026,רביעי,0.44,17.28
חדר החדשות איי 24,18/03/2026,רביעי,0.42,16.1
חדר החדשות איי 24,18/03/2026,רביעי,0.21,12.01
חדר החדשות איי 24,18/03/2026,רביעי,0.4,15.04
חדר החדשות איי 24,18/03/2026,רביעי,0.81,12.79
חדר החדשות איי 24,18/03/2026,רביעי,0.56,13.22
חדר החדשות איי 24,18/03/2026,רביעי,0.47,14.99
מהדורת חמש איי 24,18/03/2026,רביעי,0.55,17.85
מדד גלבוע,18/03/2026,רביעי,0.86,24.82
7 שרון גל,18/03/2026,רביעי,1.21,28.05
המהדורה המרכזית איי 24,18/03/2026,רביעי,1.25,38.91
הישראלים איי 24,18/03/2026,רביעי,0.82,45.78
חדר החדשות איי 24,19/03/2026,חמישי,0.06,14.04
חדר החדשות איי 24,19/03/2026,חמישי,0.13,13.7
חדר החדשות איי 24,19/03/2026,חמישי,0.31,13.6
חדר החדשות איי 24,19/03/2026,חמישי,0.3,12.86
חדר החדשות איי 24,19/03/2026,חמישי,0.29,14.65
חדר החדשות איי 24,19/03/2026,חמישי,0.26,16.69
חדר החדשות איי 24,19/03/2026,חמישי,0.33,15.4
חדר החדשות איי 24,19/03/2026,חמישי,0.81,16.01
מהדורת חמש איי 24,19/03/2026,חמישי,0.95,25.23
מדד גלבוע,19/03/2026,חמישי,1.41,28.27
7 שרון גל,19/03/2026,חמישי,2.04,32.05
המהדורה המרכזית איי 24,19/03/2026,חמישי,2.08,38.62
הערביסטים,19/03/2026,חמישי,1.44,31.63
חדר החדשות איי 24,20/03/2026,שישי,0.13,9.09
חדר החדשות איי 24,20/03/2026,שישי,0.18,12.57
חדר החדשות איי 24,20/03/2026,שישי,0.49,17.18
חדר החדשות איי 24,20/03/2026,שישי,0.67,15.21
חדר החדשות איי 24,20/03/2026,שישי,0.53,17.81
חדר החדשות איי 24,20/03/2026,שישי,0.9,15.69
חדר החדשות איי 24,20/03/2026,שישי,0.79,18.46
חדר החדשות איי 24,20/03/2026,שישי,1.57,21.62
חדר החדשות איי 24,20/03/2026,שישי,1.94,19.28
המהדורה המוקדמת איי 24 - שישי,20/03/2026,שישי,3.35,20.64
קבינט שישי,20/03/2026,שישי,5.42,26.97
מדד גלבוע,20/03/2026,שישי,2.8,19.23
חדר החדשות איי 24,21/03/2026,שבת,0.52,4.85
חדר החדשות איי 24,21/03/2026,שבת,1.38,10.08
חדר החדשות איי 24,21/03/2026,שבת,2.24,12.88
חדר החדשות איי 24,21/03/2026,שבת,1.23,11.55
חדר החדשות איי 24,21/03/2026,שבת,1.26,11.12
חדר החדשות איי 24,21/03/2026,שבת,1.62,10.79
חדר החדשות איי 24,21/03/2026,שבת,2.42,12.92
המהדורה המוקדמת איי 24 - שבת,21/03/2026,שבת,3.61,28.03
מגזין השבת איי 24,21/03/2026,שבת,2.2,42.98
הישראלים איי 24,21/03/2026,שבת,0.82,37.51
חדר החדשות איי 24,22/03/2026,ראשון,0.42,13.81
חדר החדשות איי 24,22/03/2026,ראשון,0.15,17.97
חדר החדשות איי 24,22/03/2026,ראשון,0.25,17.48
חדר החדשות איי 24,22/03/2026,ראשון,0.43,16.22
חדר החדשות איי 24,22/03/2026,ראשון,1.02,18.22
חדר החדשות איי 24,22/03/2026,ראשון,0.88,16.35
חדר החדשות איי 24,22/03/2026,ראשון,1.17,16.57
מהדורת חמש איי 24,22/03/2026,ראשון,1.65,21.06
מדד גלבוע,22/03/2026,ראשון,1.41,26.35
7 שרון גל,22/03/2026,ראשון,2.47,31.55
המהדורה המרכזית איי 24,22/03/2026,ראשון,2.03,39.96
הערביסטים,22/03/2026,ראשון,1.06,51.37
מדברים חדשות,22/03/2026,ראשון,0.78,33.68
חדר החדשות איי 24,23/03/2026,שני,0.28,11.92
חדר החדשות איי 24,23/03/2026,שני,0.02,12.88
חדר החדשות איי 24,23/03/2026,שני,0.35,13.56
חדר החדשות איי 24,23/03/2026,שני,0.77,15.67
חדר החדשות איי 24,23/03/2026,שני,0.98,11.69
חדר החדשות איי 24,23/03/2026,שני,0.83,12.51
חדר החדשות איי 24,23/03/2026,שני,0.36,13.72
מהדורת חמש איי 24,23/03/2026,שני,0.97,21.13
מדד גלבוע,23/03/2026,שני,1.03,24.66
7 שרון גל,23/03/2026,שני,2.11,30.22
המהדורה המרכזית איי 24,23/03/2026,שני,1.43,38.49
הישראלים איי 24,23/03/2026,שני,0.75,34.59
מדברים חדשות,23/03/2026,שני,0.24,19.27
חדר החדשות איי 24,24/03/2026,שלישי,0.36,15.37
חדר החדשות איי 24,24/03/2026,שלישי,0.5,13.92
חדר החדשות איי 24,24/03/2026,שלישי,0.41,13.24
חדר החדשות איי 24,24/03/2026,שלישי,0.6,13.78
חדר החדשות איי 24,24/03/2026,שלישי,0.33,15.24
מהדורת חמש איי 24,24/03/2026,שלישי,0.53,17.13
מדד גלבוע,24/03/2026,שלישי,0.78,25.05
7 שרון גל,24/03/2026,שלישי,1.8,32.29
המהדורה המרכזית איי 24,24/03/2026,שלישי,1.89,44.93
הישראלים איי 24,24/03/2026,שלישי,0.56,49.62
חדר החדשות איי 24,25/03/2026,רביעי,0.02,9.87
חדר החדשות איי 24,25/03/2026,רביעי,0.06,12.72
חדר החדשות איי 24,25/03/2026,רביעי,0.49,13.4
חדר החדשות איי 24,25/03/2026,רביעי,0.27,12.13
חדר החדשות איי 24,25/03/2026,רביעי,1.1,14.69
מהדורת חמש איי 24,25/03/2026,רביעי,1.42,20.91
מדד גלבוע,25/03/2026,רביעי,1.59,26.09
המהדורה המרכזית איי 24,25/03/2026,רביעי,1.56,41.01
הישראלים איי 24,25/03/2026,רביעי,0.72,43.88
מדברים חדשות,25/03/2026,רביעי,0.28,22.29
חדר החדשות איי 24,26/03/2026,חמישי,0.44,17.38
חדר החדשות איי 24,26/03/2026,חמישי,0.6,20.79
חדר החדשות איי 24,26/03/2026,חמישי,0.63,18.33
חדר החדשות איי 24,26/03/2026,חמישי,0.83,19.68
חדר החדשות איי 24,26/03/2026,חמישי,0.96,18.21
מהדורת חמש איי 24,26/03/2026,חמישי,1.42,28.51
מדד גלבוע,26/03/2026,חמישי,1.3,28.68
7 שרון גל,26/03/2026,חמישי,1.72,29.42
המהדורה המרכזית איי 24,26/03/2026,חמישי,0.91,35.72
הערביסטים,26/03/2026,חמישי,1.16,30.41
חדר החדשות איי 24,26/03/2026,חמישי,0.3,20.41
חדר החדשות איי 24,27/03/2026,שישי,0.02,7.59
חדר החדשות איי 24,27/03/2026,שישי,0.34,10.21
חדר החדשות איי 24,27/03/2026,שישי,1.14,11.81
חדר החדשות איי 24,27/03/2026,שישי,0.71,12.62
חדר החדשות איי 24,27/03/2026,שישי,0.45,12.75
חדר החדשות איי 24,27/03/2026,שישי,0.46,16.16
חדר החדשות איי 24,27/03/2026,שישי,1.16,17.74
המהדורה המוקדמת איי 24 - שישי,27/03/2026,שישי,2.54,18.44
קבינט שישי,27/03/2026,שישי,4.28,25.08
מדד גלבוע,27/03/2026,שישי,2.11,20.11
חדר החדשות איי 24,28/03/2026,שבת,0.88,4.84
חדר החדשות איי 24,28/03/2026,שבת,0.81,5.67
חדר החדשות איי 24,28/03/2026,שבת,1.09,7.64
חדר החדשות איי 24,28/03/2026,שבת,1.01,9.08
חדר החדשות איי 24,28/03/2026,שבת,1,9.29
חדר החדשות איי 24,28/03/2026,שבת,0.55,9.46
חדר החדשות איי 24,28/03/2026,שבת,0.76,10.48
חדר החדשות איי 24,28/03/2026,שבת,1.25,12
חדר החדשות איי 24,28/03/2026,שבת,2.19,15.93
המהדורה המוקדמת איי 24 - שבת,28/03/2026,שבת,2.74,21.22
מגזין השבת איי 24,28/03/2026,שבת,2.43,41.1
הישראלים איי 24,28/03/2026,שבת,1.01,51.52
חדר החדשות איי 24,29/03/2026,ראשון,0.09,8
חדר החדשות איי 24,29/03/2026,ראשון,0.07,10.64
חדר החדשות איי 24,29/03/2026,ראשון,0.08,12.79
חדר החדשות איי 24,29/03/2026,ראשון,0.25,13.51
חדר החדשות איי 24,29/03/2026,ראשון,0.4,13.21
חדר החדשות איי 24,29/03/2026,ראשון,0.42,14.51
מהדורת חמש איי 24,29/03/2026,ראשון,0.95,18.45
מדד גלבוע,29/03/2026,ראשון,1.37,21.28
7 שרון גל,29/03/2026,ראשון,2.08,27.49
המהדורה המרכזית איי 24,29/03/2026,ראשון,1.55,38.43
מדברים חדשות,29/03/2026,ראשון,0.4,50.83
חדר החדשות איי 24,30/03/2026,שני,0.19,9.42
חדר החדשות איי 24,30/03/2026,שני,0.66,11.91
חדר החדשות איי 24,30/03/2026,שני,0.05,12.26
חדר החדשות איי 24,30/03/2026,שני,0.18,11.91
חדר החדשות איי 24,30/03/2026,שני,0.2,12.44
חדר החדשות איי 24,30/03/2026,שני,0.25,13.73
מהדורת חמש איי 24,30/03/2026,שני,1.02,17.54
מדד גלבוע,30/03/2026,שני,1.82,22.91
7 שרון גל,30/03/2026,שני,2.15,24.87
המהדורה המרכזית איי 24,30/03/2026,שני,1.87,35.16
הישראלים איי 24,30/03/2026,שני,0.53,45.27
מדברים חדשות,30/03/2026,שני,0.68,26.63
חדר החדשות איי 24,31/03/2026,שלישי,0.03,9.96
חדר החדשות איי 24,31/03/2026,שלישי,0.13,12.65
חדר החדשות איי 24,31/03/2026,שלישי,0.33,13.52
חדר החדשות איי 24,31/03/2026,שלישי,0.68,15.46
חדר החדשות איי 24,31/03/2026,שלישי,0.22,13.32
מהדורת חמש איי 24,31/03/2026,שלישי,0.25,18.53
מדד גלבוע,31/03/2026,שלישי,0.68,22.77
7 שרון גל,31/03/2026,שלישי,1.45,26.23
המהדורה המרכזית איי 24,31/03/2026,שלישי,1.24,37.55
הישראלים איי 24,31/03/2026,שלישי,0.5,46.02
חדר החדשות איי 24,31/03/2026,שלישי,0.35,32.34
חדר החדשות איי 24,01/04/2026,רביעי,0.09,6.3
חדר החדשות איי 24,01/04/2026,רביעי,0.72,18.44
חדר החדשות איי 24,01/04/2026,רביעי,0.89,22.83
חדר החדשות איי 24,01/04/2026,רביעי,0.91,19
חדר החדשות איי 24,01/04/2026,רביעי,0.85,16.16
חדר החדשות איי 24,01/04/2026,רביעי,0.79,16.35
חדר החדשות איי 24,01/04/2026,רביעי,1.55,16.83
המהדורה המרכזית איי 24,01/04/2026,רביעי,1.6,9.92
חדר החדשות איי 24,02/04/2026,חמישי,0.82,4.44
חדר החדשות איי 24,02/04/2026,חמישי,1.83,7.84
חדר החדשות איי 24,02/04/2026,חמישי,1.46,10.03
חדר החדשות איי 24,02/04/2026,חמישי,1.25,10.3
חדר החדשות איי 24,02/04/2026,חמישי,1.44,9.8
חדר החדשות איי 24,02/04/2026,חמישי,1.1,7.73
חדר החדשות איי 24,02/04/2026,חמישי,1.42,9.86
המהדורה המרכזית איי 24,02/04/2026,חמישי,2.13,34.15
הישראלים איי 24,02/04/2026,חמישי,0.62,28.18
חדר החדשות איי 24,02/04/2026,חמישי,0.95,17.9
חדר החדשות איי 24,03/04/2026,שישי,0,5.95
חדר החדשות איי 24,03/04/2026,שישי,0.16,8.16
חדר החדשות איי 24,03/04/2026,שישי,0.93,12.89
חדר החדשות איי 24,03/04/2026,שישי,0.65,12.83
חדר החדשות איי 24,03/04/2026,שישי,1.27,14.52
חדר החדשות איי 24,03/04/2026,שישי,0.6,12.93
חדר החדשות איי 24,03/04/2026,שישי,1.2,14.68
המהדורה המוקדמת איי 24 - שישי,03/04/2026,שישי,3.38,19.06
קבינט שישי,03/04/2026,שישי,5.4,25.15
חדר החדשות איי 24,04/04/2026,שבת,1.12,4.3
חדר החדשות איי 24,04/04/2026,שבת,1.33,5.75
חדר החדשות איי 24,04/04/2026,שבת,2.06,7.59
חדר החדשות איי 24,04/04/2026,שבת,1.61,8.51
חדר החדשות איי 24,04/04/2026,שבת,1.13,9.65
חדר החדשות איי 24,04/04/2026,שבת,1.73,12.78
חדר החדשות איי 24,04/04/2026,שבת,2.35,13.15
המהדורה המוקדמת איי 24 - שבת,04/04/2026,שבת,2.58,20.05
מגזין השבת איי 24,04/04/2026,שבת,1.62,36.34
הישראלים איי 24,04/04/2026,שבת,0.97,50.42
חדר החדשות איי 24,04/04/2026,שבת,0.65,15.17
חדר החדשות איי 24,05/04/2026,ראשון,0.21,8.72
חדר החדשות איי 24,05/04/2026,ראשון,0.39,12.91
חדר החדשות איי 24,05/04/2026,ראשון,0.55,14.19
חדר החדשות איי 24,05/04/2026,ראשון,0.12,14.03
חדר החדשות איי 24,05/04/2026,ראשון,0.14,13.46
חדר החדשות איי 24,05/04/2026,ראשון,0.37,12.87
מהדורת חמש איי 24,05/04/2026,ראשון,0.89,16.31
מדד גלבוע,05/04/2026,ראשון,1.01,22.81
7 שרון גל,05/04/2026,ראשון,1.83,29.47
המהדורה המרכזית איי 24,05/04/2026,ראשון,1.3,37.13
הישראלים איי 24,05/04/2026,ראשון,0.96,47.19
חדר החדשות איי 24,05/04/2026,ראשון,0.7,24.62
חדר החדשות איי 24,06/04/2026,שני,0.09,13.5
חדר החדשות איי 24,06/04/2026,שני,0.77,16.53
חדר החדשות איי 24,06/04/2026,שני,0.38,16.4
חדר החדשות איי 24,06/04/2026,שני,0.36,13.44
חדר החדשות איי 24,06/04/2026,שני,0.25,14.73
מהדורת חמש איי 24,06/04/2026,שני,0.73,17.56
מדד גלבוע,06/04/2026,שני,0.85,21.44
7 שרון גל,06/04/2026,שני,1.97,26.6
המהדורה המרכזית איי 24,06/04/2026,שני,2.08,37.03
הישראלים איי 24,06/04/2026,שני,0.72,38.34
חדר החדשות איי 24,06/04/2026,שני,0.31,20.1
חדר החדשות איי 24,07/04/2026,שלישי,0.09,7.71
חדר החדשות איי 24,07/04/2026,שלישי,0.42,9.76
חדר החדשות איי 24,07/04/2026,שלישי,0.67,18.04
חדר החדשות איי 24,07/04/2026,שלישי,0.97,18.53
חדר החדשות איי 24,07/04/2026,שלישי,1,16.42
חדר החדשות איי 24,07/04/2026,שלישי,0.5,15.27
חדר החדשות איי 24,07/04/2026,שלישי,0.63,18.15
חדר החדשות איי 24,07/04/2026,שלישי,0.56,17.35
חדר החדשות איי 24,07/04/2026,שלישי,1.53,19.67
המהדורה המרכזית איי 24,07/04/2026,שלישי,3.94,23.58
חדר החדשות איי 24,08/04/2026,רביעי,0.78,4.26
חדר החדשות איי 24,08/04/2026,רביעי,1.43,7.79
חדר החדשות איי 24,08/04/2026,רביעי,1.88,11.89
חדר החדשות איי 24,08/04/2026,רביעי,1.81,14.17
חדר החדשות איי 24,08/04/2026,רביעי,1.81,13.71
חדר החדשות איי 24,08/04/2026,רביעי,2.42,13.27
חדר החדשות איי 24,08/04/2026,רביעי,3.29,14.84
המהדורה המרכזית איי 24,08/04/2026,רביעי,2.7,35.1
הישראלים איי 24,08/04/2026,רביעי,0.51,39.77
חדר החדשות איי 24,09/04/2026,חמישי,0.04,8.39
חדר החדשות איי 24,09/04/2026,חמישי,0.08,11.87
חדר החדשות איי 24,09/04/2026,חמישי,0.08,12.08
חדר החדשות איי 24,09/04/2026,חמישי,0.26,10.65
חדר החדשות איי 24,09/04/2026,חמישי,0.37,8.8
חדר החדשות איי 24,09/04/2026,חמישי,0.13,8.45
חדר החדשות איי 24,09/04/2026,חמישי,0.07,8.87
חדר החדשות איי 24,09/04/2026,חמישי,0.35,10.97
חדר החדשות איי 24,09/04/2026,חמישי,0.61,12.55
מהדורת חמש איי 24,09/04/2026,חמישי,0.58,16.07
מדד גלבוע,09/04/2026,חמישי,1.29,18.88
7 שרון גל,09/04/2026,חמישי,1.75,24.43
המהדורה המרכזית איי 24,09/04/2026,חמישי,1.58,32.14
הישראלים איי 24,09/04/2026,חמישי,0.3,26.78
מדברים חדשות,09/04/2026,חמישי,0.16,16.28
חדר החדשות איי 24,10/04/2026,שישי,0.07,6.58
חדר החדשות איי 24,10/04/2026,שישי,0.17,9.85
חדר החדשות איי 24,10/04/2026,שישי,0.54,11.72
חדר החדשות איי 24,10/04/2026,שישי,0.58,13.03
חדר החדשות איי 24,10/04/2026,שישי,1.12,11.12
חדר החדשות איי 24,10/04/2026,שישי,0.68,9.85
חדר החדשות איי 24,10/04/2026,שישי,0.32,7.86
חדר החדשות איי 24,10/04/2026,שישי,0.65,13.43
המהדורה המוקדמת איי 24 - שישי,10/04/2026,שישי,2.23,17.92
קבינט שישי,10/04/2026,שישי,4.16,23.61
חדר החדשות איי 24,11/04/2026,שבת,0.51,1.53
חדר החדשות איי 24,11/04/2026,שבת,1.15,2.86
חדר החדשות איי 24,11/04/2026,שבת,1.15,5.52
חדר החדשות איי 24,11/04/2026,שבת,1.66,5.89
חדר החדשות איי 24,11/04/2026,שבת,1.11,5.86
חדר החדשות איי 24,11/04/2026,שבת,0.95,6.63
חדר החדשות איי 24,11/04/2026,שבת,1.85,7
חדר החדשות איי 24,11/04/2026,שבת,1.09,6.93
חדר החדשות איי 24,11/04/2026,שבת,0.84,10
המהדורה המוקדמת איי 24 - שבת,11/04/2026,שבת,2.06,16.84
מגזין השבת איי 24,11/04/2026,שבת,2,34.38
הישראלים איי 24,11/04/2026,שבת,0.45,47.37
חדר החדשות איי 24,12/04/2026,ראשון,0.31,10.08
חדר החדשות איי 24,12/04/2026,ראשון,0.76,10.55
חדר החדשות איי 24,12/04/2026,ראשון,0.61,9.39
חדר החדשות איי 24,12/04/2026,ראשון,0.57,7.88
חדר החדשות איי 24,12/04/2026,ראשון,0.17,5.58
חדר החדשות איי 24,12/04/2026,ראשון,0.31,5.84
חדר החדשות איי 24,12/04/2026,ראשון,0.02,8.27
חדר החדשות איי 24,12/04/2026,ראשון,0.44,9.72
מהדורת 15,12/04/2026,ראשון,0.63,11.79
מהדורת חמש איי 24,12/04/2026,ראשון,0.95,14.18
מדד גלבוע,12/04/2026,ראשון,0.92,17.39
7 שרון גל,12/04/2026,ראשון,2.8,25.39
המהדורה המרכזית איי 24,12/04/2026,ראשון,1.78,34.28
הערביסטים,12/04/2026,ראשון,0.75,44.9
מדברים חדשות,12/04/2026,ראשון,0.3,32.69
חדר החדשות איי 24,13/04/2026,שני,0.28,8.14
חדר החדשות איי 24,13/04/2026,שני,0.16,10.8
חדר החדשות איי 24,13/04/2026,שני,0.26,7.49
חדר החדשות איי 24,13/04/2026,שני,0.69,5.5
חדר החדשות איי 24,13/04/2026,שני,0.47,5.53
חדר החדשות איי 24,13/04/2026,שני,0.29,6.4
חדר החדשות איי 24,13/04/2026,שני,0.34,5.7
חדר החדשות איי 24,13/04/2026,שני,0.37,7.31
מהדורת 15,13/04/2026,שני,0.49,10.63
מהדורת חמש איי 24,13/04/2026,שני,0.69,16.19
מדד גלבוע,13/04/2026,שני,1.13,20.73
המהדורה המרכזית איי 24,13/04/2026,שני,2,30.4
חדר החדשות איי 24,13/04/2026,שני,0.44,27.61
חדר החדשות איי 24,13/04/2026,שני,0.19,17.22
חדר החדשות איי 24,14/04/2026,שלישי,0,8
חדר החדשות איי 24,14/04/2026,שלישי,0.09,10.19
חדר החדשות איי 24,14/04/2026,שלישי,0.17,9.92
חדר החדשות איי 24,14/04/2026,שלישי,0.1,6.04
חדר החדשות איי 24,14/04/2026,שלישי,0.2,8.08
חדר החדשות איי 24,14/04/2026,שלישי,0.57,9.61
מהדורת 15,14/04/2026,שלישי,0.62,12.32
מהדורת חמש איי 24,14/04/2026,שלישי,1.13,17.09
מדד גלבוע,14/04/2026,שלישי,1.76,20.55
7 שרון גל,14/04/2026,שלישי,2.16,24.51
המהדורה המרכזית איי 24,14/04/2026,שלישי,1.71,35.32
הישראלים איי 24,14/04/2026,שלישי,0.53,41.69
מדברים חדשות,14/04/2026,שלישי,0.38,30.32
חדר החדשות איי 24,15/04/2026,רביעי,0,8.68
חדר החדשות איי 24,15/04/2026,רביעי,0.57,11.1
חדר החדשות איי 24,15/04/2026,רביעי,0.54,7.95
חדר החדשות איי 24,15/04/2026,רביעי,0.55,7.78
חדר החדשות איי 24,15/04/2026,רביעי,0.31,7.04
חדר החדשות איי 24,15/04/2026,רביעי,0.36,7.58
חדר החדשות איי 24,15/04/2026,רביעי,0.29,8.33
חדר החדשות איי 24,15/04/2026,רביעי,0.25,8.97
מהדורת 15,15/04/2026,רביעי,0.72,9.96
מהדורת חמש איי 24,15/04/2026,רביעי,0.74,13.15
מדד גלבוע,15/04/2026,רביעי,1.05,18.86
7 שרון גל,15/04/2026,רביעי,1.77,24.55
המהדורה המרכזית איי 24,15/04/2026,רביעי,1.37,30.75
הישראלים איי 24,15/04/2026,רביעי,0.25,38.78
מדברים חדשות,15/04/2026,רביעי,0.54,27.51
חדר החדשות איי 24,16/04/2026,חמישי,0.02,8.97
חדר החדשות איי 24,16/04/2026,חמישי,0.01,9.02
חדר החדשות איי 24,16/04/2026,חמישי,0.18,8.98
חדר החדשות איי 24,16/04/2026,חמישי,0.01,7.49
חדר החדשות איי 24,16/04/2026,חמישי,0.04,6.44
חדר החדשות איי 24,16/04/2026,חמישי,0.54,6.2
חדר החדשות איי 24,16/04/2026,חמישי,0.4,7.38
חדר החדשות איי 24,16/04/2026,חמישי,0.25,7.31
מהדורת 15,16/04/2026,חמישי,0.61,10.59
מהדורת חמש איי 24,16/04/2026,חמישי,0.78,13.47
מדד גלבוע,16/04/2026,חמישי,0.75,17.05
המהדורה המרכזית איי 24,16/04/2026,חמישי,0.82,29.18
הערביסטים,16/04/2026,חמישי,0.61,29.39
מדברים חדשות,16/04/2026,חמישי,1.19,16.97
חדר החדשות איי 24,17/04/2026,שישי,1.42,7.3
חדר החדשות איי 24,17/04/2026,שישי,1.68,10.64
חדר החדשות איי 24,17/04/2026,שישי,1.74,11.19
חדר החדשות איי 24,17/04/2026,שישי,1.14,12.34
חדר החדשות איי 24,17/04/2026,שישי,0.03,8.64
חדר החדשות איי 24,17/04/2026,שישי,0.4,6.4
חדר החדשות איי 24,17/04/2026,שישי,1.01,6.66
חדר החדשות איי 24,17/04/2026,שישי,1.03,9.99
המהדורה המוקדמת איי 24 - שישי,17/04/2026,שישי,1.54,14.15
קבינט שישי,17/04/2026,שישי,3.59,20.66
חדר החדשות איי 24,18/04/2026,שבת,0.63,4.52
חדר החדשות איי 24,18/04/2026,שבת,0.98,4.61
חדר החדשות איי 24,18/04/2026,שבת,1.19,5.53
חדר החדשות איי 24,18/04/2026,שבת,1.1,6.02
חדר החדשות איי 24,18/04/2026,שבת,0.8,5.53
חדר החדשות איי 24,18/04/2026,שבת,1.56,9.79
המהדורה המוקדמת איי 24 - שבת,18/04/2026,שבת,1.45,14.83
מגזין השבת איי 24,18/04/2026,שבת,1.68,29.84
הישראלים איי 24,18/04/2026,שבת,0.2,42.81
חדר החדשות איי 24,18/04/2026,שבת,0.36,13.03
חדר החדשות איי 24,19/04/2026,ראשון,0.07,8.46
חדר החדשות איי 24,19/04/2026,ראשון,0.1,9.86
חדר החדשות איי 24,19/04/2026,ראשון,0.38,8.81
חדר החדשות איי 24,19/04/2026,ראשון,0.28,6.51
חדר החדשות איי 24,19/04/2026,ראשון,0.11,5.15
חדר החדשות איי 24,19/04/2026,ראשון,0.37,5.07
חדר החדשות איי 24,19/04/2026,ראשון,0.33,7
חדר החדשות איי 24,19/04/2026,ראשון,0.99,9.34
מהדורת 15,19/04/2026,ראשון,0.48,8.38
מהדורת חמש איי 24,19/04/2026,ראשון,0.65,13.22
מדד גלבוע,19/04/2026,ראשון,1.62,16.92
7 שרון גל,19/04/2026,ראשון,1.89,21.74
המהדורה המרכזית איי 24,19/04/2026,ראשון,1.95,31.45
הערביסטים,19/04/2026,ראשון,1.8,42.63
מדברים חדשות,19/04/2026,ראשון,0.92,34.21
חדר החדשות איי 24,20/04/2026,שני,0,8.25
חדר החדשות איי 24,20/04/2026,שני,0.16,9.78
חדר החדשות איי 24,20/04/2026,שני,0.32,7.56
חדר החדשות איי 24,20/04/2026,שני,0.25,6.14
חדר החדשות איי 24,20/04/2026,שני,0.29,4.28
חדר החדשות איי 24,20/04/2026,שני,0.3,5.32
חדר החדשות איי 24,20/04/2026,שני,0.43,5.91
חדר החדשות איי 24,20/04/2026,שני,0.37,7.2
מהדורת 15,20/04/2026,שני,0.52,7.02
מהדורת חמש איי 24,20/04/2026,שני,0.59,11.91
מדד גלבוע,20/04/2026,שני,1.95,18.2
המהדורה המרכזית איי 24,20/04/2026,שני,1.74,35.88
חדר החדשות איי 24,20/04/2026,שני,0.6,23.47
חדר החדשות איי 24,21/04/2026,שלישי,0.25,9.15
חדר החדשות איי 24,21/04/2026,שלישי,0.1,9.18
חדר החדשות איי 24,21/04/2026,שלישי,0.64,8.59
חדר החדשות איי 24,21/04/2026,שלישי,0.48,11.31
מהדורת 15,21/04/2026,שלישי,0.69,14.48
מהדורת חמש איי 24,21/04/2026,שלישי,0.96,19.15
המהדורה המרכזית איי 24,21/04/2026,שלישי,1.47,26.51
הישראלים איי 24,21/04/2026,שלישי,0.66,26.68
חדר החדשות איי 24,22/04/2026,רביעי,0.38,5.41
חדר החדשות איי 24,22/04/2026,רביעי,0.16,9.16
חדר החדשות איי 24,22/04/2026,רביעי,1,11.9
חדר החדשות איי 24,22/04/2026,רביעי,1.19,10
חדר החדשות איי 24,22/04/2026,רביעי,0.89,8.7
חדר החדשות איי 24,22/04/2026,רביעי,0.9,8.96
המהדורה המרכזית איי 24,22/04/2026,רביעי,1.39,34.75
מדד גלבוע,22/04/2026,רביעי,1.09,44.5
מדברים חדשות,22/04/2026,רביעי,0.12,28.08
חדר החדשות איי 24,23/04/2026,חמישי,0,7.91
חדר החדשות איי 24,23/04/2026,חמישי,0.05,9.45
חדר החדשות איי 24,23/04/2026,חמישי,0.19,8.96
חדר החדשות איי 24,23/04/2026,חמישי,0.2,7.42
חדר החדשות איי 24,23/04/2026,חמישי,0.1,5.96
חדר החדשות איי 24,23/04/2026,חמישי,0.3,6.72
חדר החדשות איי 24,23/04/2026,חמישי,0.14,7.26
חדר החדשות איי 24,23/04/2026,חמישי,0.28,7.9
מהדורת 15,23/04/2026,חמישי,0.24,8.89
מהדורת חמש איי 24,23/04/2026,חמישי,0.38,13.39
מדד גלבוע,23/04/2026,חמישי,0.72,17.2
המהדורה המרכזית איי 24,23/04/2026,חמישי,0.98,29.85
הערביסטים,23/04/2026,חמישי,1.03,31.26
מדברים חדשות,23/04/2026,חמישי,0.57,20.09
חדר החדשות איי 24,24/04/2026,שישי,0.3,5.15
חדר החדשות איי 24,24/04/2026,שישי,0.52,8.66
חדר החדשות איי 24,24/04/2026,שישי,0.2,8.98
חדר החדשות איי 24,24/04/2026,שישי,0.6,7.9
חדר החדשות איי 24,24/04/2026,שישי,0.02,7.5
חדר החדשות איי 24,24/04/2026,שישי,0.2,7.62
חדר החדשות איי 24,24/04/2026,שישי,0.75,8.34
חדר החדשות איי 24,24/04/2026,שישי,1.06,12.21
המהדורה המוקדמת איי 24 - שישי,24/04/2026,שישי,2.21,14.82
קבינט שישי,24/04/2026,שישי,3.32,21.87
חדר החדשות איי 24,25/04/2026,שבת,1.07,4.23
חדר החדשות איי 24,25/04/2026,שבת,0.47,4.92
חדר החדשות איי 24,25/04/2026,שבת,0.29,4.92
חדר החדשות איי 24,25/04/2026,שבת,0.84,5.76
חדר החדשות איי 24,25/04/2026,שבת,0.8,5.53
חדר החדשות איי 24,25/04/2026,שבת,1.02,7.76
המהדורה המוקדמת איי 24 - שבת,25/04/2026,שבת,1.92,16.01
מגזין השבת איי 24,25/04/2026,שבת,1.99,29.45
הישראלים איי 24,25/04/2026,שבת,0.82,41.57
חדר החדשות איי 24,25/04/2026,שבת,0.71,15.1
חדר החדשות איי 24,26/04/2026,ראשון,0.26,9.33
חדר החדשות איי 24,26/04/2026,ראשון,0,9.2
חדר החדשות איי 24,26/04/2026,ראשון,0.17,8.41
חדר החדשות איי 24,26/04/2026,ראשון,0,6.6
חדר החדשות איי 24,26/04/2026,ראשון,0.14,5.46
חדר החדשות איי 24,26/04/2026,ראשון,0.44,5.6
מדברים חדשות,26/04/2026,ראשון,0.33,6.92
מהדורת 15,26/04/2026,ראשון,0.42,9.85
מהדורת חמש איי 24,26/04/2026,ראשון,0.9,13.36
מדד גלבוע,26/04/2026,ראשון,0.9,17.05
7 שרון גל,26/04/2026,ראשון,1.42,22.01
המהדורה המרכזית איי 24,26/04/2026,ראשון,1.63,33.38
הישראלים איי 24,26/04/2026,ראשון,0.46,45.02
חדר החדשות איי 24,27/04/2026,שני,0.14,8.49
חדר החדשות איי 24,27/04/2026,שני,0.17,8.51
חדר החדשות איי 24,27/04/2026,שני,0,7.65
חדר החדשות איי 24,27/04/2026,שני,0.06,6.9
חדר החדשות איי 24,27/04/2026,שני,0,5.78
חדר החדשות איי 24,27/04/2026,שני,0.01,5.34
מדברים חדשות,27/04/2026,שני,0.16,5.75
מהדורת 15,27/04/2026,שני,0.18,7.77
מהדורת חמש איי 24,27/04/2026,שני,0.51,12.18
מדד גלבוע,27/04/2026,שני,0.57,16.98
7 שרון גל,27/04/2026,שני,1.05,20.43
המהדורה המרכזית איי 24,27/04/2026,שני,0.87,31.96
הישראלים איי 24,27/04/2026,שני,0.59,35.2
חדר החדשות איי 24,28/04/2026,שלישי,0.17,7.91
חדר החדשות איי 24,28/04/2026,שלישי,0.34,8.8
חדר החדשות איי 24,28/04/2026,שלישי,0.47,7.82
חדר החדשות איי 24,28/04/2026,שלישי,0.36,6.77
חדר החדשות איי 24,28/04/2026,שלישי,0.04,5.7
חדר החדשות איי 24,28/04/2026,שלישי,0.05,5.43
מדברים חדשות,28/04/2026,שלישי,0.18,7.5
מהדורת 15,28/04/2026,שלישי,0.23,8.22
מהדורת חמש איי 24,28/04/2026,שלישי,0.34,11.73
מדד גלבוע,28/04/2026,שלישי,0.58,16.73
7 שרון גל,28/04/2026,שלישי,1.94,20.12
המהדורה המרכזית איי 24,28/04/2026,שלישי,1.1,29.53
הישראלים איי 24,28/04/2026,שלישי,0.17,38.47
חדר החדשות איי 24,29/04/2026,רביעי,0,9.69
חדר החדשות איי 24,29/04/2026,רביעי,0,8.93
חדר החדשות איי 24,29/04/2026,רביעי,0,7.27
חדר החדשות איי 24,29/04/2026,רביעי,0,5.77
חדר החדשות איי 24,29/04/2026,רביעי,0,5.01
חדר החדשות איי 24,29/04/2026,רביעי,0.07,5.03
מדברים חדשות,29/04/2026,רביעי,0.06,5.97
מהדורת 15,29/04/2026,רביעי,0.18,8.27
מהדורת חמש איי 24,29/04/2026,רביעי,0.59,12.67
מדד גלבוע,29/04/2026,רביעי,0.57,17.36
7 שרון גל,29/04/2026,רביעי,0.84,21.95
המהדורה המרכזית איי 24,29/04/2026,רביעי,1.1,30.25
הישראלים איי 24,29/04/2026,רביעי,0.16,38.15
חדר החדשות איי 24,30/04/2026,חמישי,0.27,7.59
חדר החדשות איי 24,30/04/2026,חמישי,0.24,8.97
חדר החדשות איי 24,30/04/2026,חמישי,0.07,8.4
חדר החדשות איי 24,30/04/2026,חמישי,0.05,7.02
חדר החדשות איי 24,30/04/2026,חמישי,0.07,4.98
חדר החדשות איי 24,30/04/2026,חמישי,0.15,5.8
מדברים חדשות,30/04/2026,חמישי,0.24,6.75
מהדורת 15,30/04/2026,חמישי,0.59,8.84
מהדורת חמש איי 24,30/04/2026,חמישי,0.55,11.44
מדד גלבוע,30/04/2026,חמישי,0.79,16.16
המהדורה המרכזית איי 24,30/04/2026,חמישי,0.73,27.94
הערביסטים,30/04/2026,חמישי,0.45,28.82
חדר החדשות איי 24,30/04/2026,חמישי,0.1,23.14
חדר החדשות איי 24,01/05/2026,שישי,0.02,6.22
חדר החדשות איי 24,01/05/2026,שישי,0.01,8.74
חדר החדשות איי 24,01/05/2026,שישי,0,9.96
חדר החדשות איי 24,01/05/2026,שישי,0.03,11.28
חדר החדשות איי 24,01/05/2026,שישי,0.05,8.27
חדר החדשות איי 24,01/05/2026,שישי,0.11,6.97
חדר החדשות איי 24,01/05/2026,שישי,0.09,6.5
חדר החדשות איי 24,01/05/2026,שישי,0.34,7.31
חדר החדשות איי 24,01/05/2026,שישי,0.63,6.92
חדר החדשות איי 24,01/05/2026,שישי,0.37,10.93
המהדורה המוקדמת איי 24 - שישי,01/05/2026,שישי,1.66,14.9
קבינט שישי,01/05/2026,שישי,3.97,21.18
חדר החדשות איי 24,02/05/2026,שבת,0.46,4.14
חדר החדשות איי 24,02/05/2026,שבת,0.5,4.88
חדר החדשות איי 24,02/05/2026,שבת,0.6,7.29
חדר החדשות איי 24,02/05/2026,שבת,0.78,8.28
המהדורה המוקדמת איי 24 - שבת,02/05/2026,שבת,1.27,13.19
מגזין השבת איי 24,02/05/2026,שבת,2.05,28.78
הערביסטים,02/05/2026,שבת,1.28,41.8
חדר החדשות איי 24,03/05/2026,ראשון,0,7.91
חדר החדשות איי 24,03/05/2026,ראשון,0.49,9
חדר החדשות איי 24,03/05/2026,ראשון,0,6.86
חדר החדשות איי 24,03/05/2026,ראשון,0.18,6.74
חדר החדשות איי 24,03/05/2026,ראשון,0,5.12
חדר החדשות איי 24,03/05/2026,ראשון,0.05,6.1
מדברים חדשות,03/05/2026,ראשון,0.15,6.96
מהדורת 15,03/05/2026,ראשון,0.16,8.81
מהדורת חמש איי 24,03/05/2026,ראשון,0.53,12.67
מדד גלבוע,03/05/2026,ראשון,0.79,17.73
7 שרון גל,03/05/2026,ראשון,1.06,22.34
המהדורה המרכזית איי 24,03/05/2026,ראשון,1.07,33.71
הישראלים איי 24,03/05/2026,ראשון,0.5,41.22
חדר החדשות איי 24,04/05/2026,שני,0.1,8.76
חדר החדשות איי 24,04/05/2026,שני,0.54,8.75
חדר החדשות איי 24,04/05/2026,שני,0.54,8.84
חדר החדשות איי 24,04/05/2026,שני,0.82,6.92
חדר החדשות איי 24,04/05/2026,שני,0.33,6.47
חדר החדשות איי 24,04/05/2026,שני,0.59,7.2
מדברים חדשות,04/05/2026,שני,0.91,7.06
מהדורת 15,04/05/2026,שני,0.76,7.82
מהדורת חמש איי 24,04/05/2026,שני,0.66,12.53
מדד גלבוע,04/05/2026,שני,0.95,16.68
7 שרון גל,04/05/2026,שני,2.31,22.32
המהדורה המרכזית איי 24,04/05/2026,שני,1.53,31.91
הישראלים איי 24,04/05/2026,שני,1.43,34.36
חדר החדשות איי 24,05/05/2026,שלישי,0.16,9.42
חדר החדשות איי 24,05/05/2026,שלישי,0.16,9.66
חדר החדשות איי 24,05/05/2026,שלישי,0,8.75
חדר החדשות איי 24,05/05/2026,שלישי,0.14,6.81
חדר החדשות איי 24,05/05/2026,שלישי,0.24,6.26
חדר החדשות איי 24,05/05/2026,שלישי,0.37,7.84
מדברים חדשות,05/05/2026,שלישי,0.32,7.26
מהדורת 15,05/05/2026,שלישי,0.27,9.25
מהדורת חמש איי 24,05/05/2026,שלישי,0.68,12.81
מדד גלבוע,05/05/2026,שלישי,0.78,18.67
7 שרון גל,05/05/2026,שלישי,1.63,22.45
המהדורה המרכזית איי 24,05/05/2026,שלישי,1.1,32.42
הישראלים איי 24,05/05/2026,שלישי,0.29,40.92
חדר החדשות איי 24,06/05/2026,רביעי,0.02,9.99
חדר החדשות איי 24,06/05/2026,רביעי,0.04,9.83
חדר החדשות איי 24,06/05/2026,רביעי,0.46,8.67
חדר החדשות איי 24,06/05/2026,רביעי,0.49,6.46
חדר החדשות איי 24,06/05/2026,רביעי,0.92,5.47
חדר החדשות איי 24,06/05/2026,רביעי,1.19,5.25
מדברים חדשות,06/05/2026,רביעי,0.56,6.73
מהדורת 15,06/05/2026,רביעי,0.38,8.73
מהדורת חמש איי 24,06/05/2026,רביעי,0.62,12.48
מדד גלבוע,06/05/2026,רביעי,0.62,14.39
7 שרון גל,06/05/2026,רביעי,1.34,18.26
המהדורה המרכזית איי 24,06/05/2026,רביעי,1.26,26.5
הישראלים איי 24,06/05/2026,רביעי,0.35,32.5
חדר החדשות איי 24,07/05/2026,חמישי,0,7.62
חדר החדשות איי 24,07/05/2026,חמישי,0.65,9.22
חדר החדשות איי 24,07/05/2026,חמישי,0.27,8.92
חדר החדשות איי 24,07/05/2026,חמישי,0.09,7.53
חדר החדשות איי 24,07/05/2026,חמישי,0,6.17
חדר החדשות איי 24,07/05/2026,חמישי,0.38,5.45
מדברים חדשות,07/05/2026,חמישי,0.27,6.2
מהדורת 15,07/05/2026,חמישי,0.18,8.1
מהדורת חמש איי 24,07/05/2026,חמישי,0.58,11.09
מדד גלבוע,07/05/2026,חמישי,0.7,15.76
המהדורה המרכזית איי 24,07/05/2026,חמישי,0.87,28.9
הערביסטים,07/05/2026,חמישי,1.14,26.89
חדר החדשות איי 24,07/05/2026,חמישי,1.12,23.69
חדר החדשות איי 24,08/05/2026,שישי,0.11,7.26
חדר החדשות איי 24,08/05/2026,שישי,0.31,7.89
חדר החדשות איי 24,08/05/2026,שישי,0.36,9.8
חדר החדשות איי 24,08/05/2026,שישי,0.24,9.2
חדר החדשות איי 24,08/05/2026,שישי,0.2,7.27
חדר החדשות איי 24,08/05/2026,שישי,0.25,6.37
חדר החדשות איי 24,08/05/2026,שישי,0.44,5.56
חדר החדשות איי 24,08/05/2026,שישי,1.07,8.98
חדר החדשות איי 24,08/05/2026,שישי,0.96,9.69
חדר החדשות איי 24,08/05/2026,שישי,1.2,12.44
המהדורה המוקדמת איי 24 - שישי,08/05/2026,שישי,1.85,14.76
קבינט שישי,08/05/2026,שישי,2.87,19.85
חדר החדשות איי 24,09/05/2026,שבת,1.31,6.06
חדר החדשות איי 24,09/05/2026,שבת,0.77,6.05
חדר החדשות איי 24,09/05/2026,שבת,1.09,7.25
חדר החדשות איי 24,09/05/2026,שבת,1.18,9.45
המהדורה המוקדמת איי 24 - שבת,09/05/2026,שבת,2.12,14.38
מגזין השבת איי 24,09/05/2026,שבת,2.3,25.08
הערביסטים,09/05/2026,שבת,1.89,39.83
חדר החדשות איי 24,10/05/2026,ראשון,0.21,9.05
חדר החדשות איי 24,10/05/2026,ראשון,0.16,7.66
חדר החדשות איי 24,10/05/2026,ראשון,0.52,7.68
חדר החדשות איי 24,10/05/2026,ראשון,0.53,6.59
חדר החדשות איי 24,10/05/2026,ראשון,0.29,6.43
חדר החדשות איי 24,10/05/2026,ראשון,0.4,5.51
מדברים חדשות,10/05/2026,ראשון,0.68,5.87
מהדורת 15,10/05/2026,ראשון,0.91,9.03
מהדורת חמש איי 24,10/05/2026,ראשון,0.65,13.22
מדד גלבוע,10/05/2026,ראשון,1.2,17.21
7 שרון גל,10/05/2026,ראשון,2.04,20.87
המהדורה המרכזית איי 24,10/05/2026,ראשון,1.57,29.22
הישראלים איי 24,10/05/2026,ראשון,0.85,43.02
חדר החדשות איי 24,11/05/2026,שני,0.09,8.35
חדר החדשות איי 24,11/05/2026,שני,0.22,8.07
חדר החדשות איי 24,11/05/2026,שני,0.4,6.4
חדר החדשות איי 24,11/05/2026,שני,0.01,5.17
חדר החדשות איי 24,11/05/2026,שני,0,4.54
מדברים חדשות,11/05/2026,שני,0.18,5.35
מהדורת 15,11/05/2026,שני,0.32,7.67
מהדורת חמש איי 24,11/05/2026,שני,0.64,10.01
מדד גלבוע,11/05/2026,שני,1.55,14.54
7 שרון גל,11/05/2026,שני,1.8,18.58
המהדורה המרכזית איי 24,11/05/2026,שני,1.2,29.49
הישראלים איי 24,11/05/2026,שני,0.62,33.45
חדר החדשות איי 24,12/05/2026,שלישי,0.1,8.66
חדר החדשות איי 24,12/05/2026,שלישי,0.31,8.68
חדר החדשות איי 24,12/05/2026,שלישי,0.06,5.68
חדר החדשות איי 24,12/05/2026,שלישי,0.01,5.84
חדר החדשות איי 24,12/05/2026,שלישי,0.3,5.03
מדברים חדשות,12/05/2026,שלישי,0.69,6.79
מהדורת 15,12/05/2026,שלישי,0.6,9.35
מהדורת חמש איי 24,12/05/2026,שלישי,0.8,11.8
מדד גלבוע,12/05/2026,שלישי,0.96,15.96
7 שרון גל,12/05/2026,שלישי,2.01,20.41
המהדורה המרכזית איי 24,12/05/2026,שלישי,0.94,26.66
הישראלים איי 24,12/05/2026,שלישי,0.32,30.55
חדר החדשות איי 24,13/05/2026,רביעי,0.18,9.33
חדר החדשות איי 24,13/05/2026,רביעי,0.18,9.96
חדר החדשות איי 24,13/05/2026,רביעי,0.06,6.54
חדר החדשות איי 24,13/05/2026,רביעי,0,6.52
חדר החדשות איי 24,13/05/2026,רביעי,0,5.94
חדר החדשות איי 24,13/05/2026,רביעי,0.19,6.39
מדברים חדשות,13/05/2026,רביעי,0.33,6.47
מהדורת 15,13/05/2026,רביעי,0.51,7.45
מהדורת חמש איי 24,13/05/2026,רביעי,0.57,10.98
מדד גלבוע,13/05/2026,רביעי,1.18,14.08
7 שרון גל,13/05/2026,רביעי,1.45,20.12
המהדורה המרכזית איי 24,13/05/2026,רביעי,1.26,29.74
הישראלים איי 24,13/05/2026,רביעי,0.88,34.87
חדר החדשות איי 24,14/05/2026,חמישי,0,9.41
חדר החדשות איי 24,14/05/2026,חמישי,0,9.92
חדר החדשות איי 24,14/05/2026,חמישי,0.27,8.32
חדר החדשות איי 24,14/05/2026,חמישי,0.21,7.62
חדר החדשות איי 24,14/05/2026,חמישי,0.21,6.45
חדר החדשות איי 24,14/05/2026,חמישי,0.41,5.84
מדברים חדשות,14/05/2026,חמישי,0.49,7.98
מהדורת 15,14/05/2026,חמישי,0.71,9.01
מהדורת חמש איי 24,14/05/2026,חמישי,0.7,12.19
מדד גלבוע,14/05/2026,חמישי,0.54,15.16
המהדורה המרכזית איי 24,14/05/2026,חמישי,0.75,26.16
הערביסטים,14/05/2026,חמישי,0.58,28.63
חדר החדשות איי 24,14/05/2026,חמישי,0.81,30.15
חדר החדשות איי 24,15/05/2026,שישי,0,6.05
חדר החדשות איי 24,15/05/2026,שישי,0.17,8.07
חדר החדשות איי 24,15/05/2026,שישי,0.3,11.06
חדר החדשות איי 24,15/05/2026,שישי,0.44,10.19
חדר החדשות איי 24,15/05/2026,שישי,0.66,7.25
חדר החדשות איי 24,15/05/2026,שישי,0.78,6.56
חדר החדשות איי 24,15/05/2026,שישי,0.49,6.13
חדר החדשות איי 24,15/05/2026,שישי,1.4,8.31
חדר החדשות איי 24,15/05/2026,שישי,1.13,9.74
חדר החדשות איי 24,15/05/2026,שישי,0.82,12.11
סופשבוע איי 24,15/05/2026,שישי,1.39,14.32
קבינט שישי,15/05/2026,שישי,2.64,19.65
חדר החדשות איי 24,16/05/2026,שבת,1.02,6.35
חדר החדשות איי 24,16/05/2026,שבת,1.08,7.79
חדר החדשות איי 24,16/05/2026,שבת,1.11,8.84
חדר החדשות איי 24,16/05/2026,שבת,0.72,10.27
סופשבוע איי 24,16/05/2026,שבת,1.44,13.99
מגזין השבת איי 24,16/05/2026,שבת,1.9,26.55
הערביסטים,16/05/2026,שבת,1.19,36.31
חדר החדשות איי 24,17/05/2026,ראשון,0.05,9.63
חדר החדשות איי 24,17/05/2026,ראשון,0,9.76
חדר החדשות איי 24,17/05/2026,ראשון,0.24,8.77
חדר החדשות איי 24,17/05/2026,ראשון,0.14,7.19
חדר החדשות איי 24,17/05/2026,ראשון,0.35,5.75
חדר החדשות איי 24,17/05/2026,ראשון,0.66,4.56
מדברים חדשות,17/05/2026,ראשון,0.56,7.09
מהדורת 15,17/05/2026,ראשון,0.46,9.17
מהדורת חמש איי 24,17/05/2026,ראשון,1.15,13.47
מדד גלבוע,17/05/2026,ראשון,1.37,17.58
7 שרון גל,17/05/2026,ראשון,2.11,22
המהדורה המרכזית איי 24,17/05/2026,ראשון,1.46,32.23
הישראלים איי 24,17/05/2026,ראשון,0.53,42.38
חדר החדשות איי 24,18/05/2026,שני,0.02,7.69
חדר החדשות איי 24,18/05/2026,שני,0.03,6.46
חדר החדשות איי 24,18/05/2026,שני,0.04,6.87
חדר החדשות איי 24,18/05/2026,שני,0.15,5.42
חדר החדשות איי 24,18/05/2026,שני,0.11,4.27
חדר החדשות איי 24,18/05/2026,שני,0.62,4.24
מדברים חדשות,18/05/2026,שני,0.4,6.63
מהדורת 15,18/05/2026,שני,0.4,7.94
מהדורת חמש איי 24,18/05/2026,שני,0.49,11.78
מדד גלבוע,18/05/2026,שני,0.97,14.88
7 שרון גל,18/05/2026,שני,1.9,19.82
המהדורה המרכזית איי 24,18/05/2026,שני,1.3,32.47
הישראלים איי 24,18/05/2026,שני,1.55,38.43
חדר החדשות איי 24,19/05/2026,שלישי,0,9.8
חדר החדשות איי 24,19/05/2026,שלישי,0.55,8.95
חדר החדשות איי 24,19/05/2026,שלישי,0,6.71
חדר החדשות איי 24,19/05/2026,שלישי,0.01,5.99
חדר החדשות איי 24,19/05/2026,שלישי,0.08,5.05
חדר החדשות איי 24,19/05/2026,שלישי,0.17,5.77
מדברים חדשות,19/05/2026,שלישי,0.36,6.21
מהדורת 15,19/05/2026,שלישי,0.25,7.88
מהדורת חמש איי 24,19/05/2026,שלישי,0.24,11.81
מדד גלבוע,19/05/2026,שלישי,0.72,13.85
7 שרון גל,19/05/2026,שלישי,1.54,17.77
המהדורה המרכזית איי 24,19/05/2026,שלישי,1.3,25.44
הישראלים איי 24,19/05/2026,שלישי,0.54,34.44
חדר החדשות איי 24,20/05/2026,רביעי,0.02,8.57
חדר החדשות איי 24,20/05/2026,רביעי,0.05,9.47
חדר החדשות איי 24,20/05/2026,רביעי,0.29,7.64
חדר החדשות איי 24,20/05/2026,רביעי,0,5.65
חדר החדשות איי 24,20/05/2026,רביעי,0,4.85
חדר החדשות איי 24,20/05/2026,רביעי,0.34,4.75
מדברים חדשות,20/05/2026,רביעי,0.54,5.35
מהדורת 15,20/05/2026,רביעי,0.37,6.7
מהדורת חמש איי 24,20/05/2026,רביעי,0.42,11.36
מדד גלבוע,20/05/2026,רביעי,1.05,15.65
7 שרון גל,20/05/2026,רביעי,1.72,20.05
המהדורה המרכזית איי 24,20/05/2026,רביעי,1.82,27.11
הישראלים איי 24,20/05/2026,רביעי,0.65,31.37
חדר החדשות איי 24,21/05/2026,חמישי,0,6.22
חדר החדשות איי 24,21/05/2026,חמישי,0.02,9.55
חדר החדשות איי 24,21/05/2026,חמישי,0.27,9.01
חדר החדשות איי 24,21/05/2026,חמישי,0.56,7.41
חדר החדשות איי 24,21/05/2026,חמישי,0.6,7.5
חדר החדשות איי 24,21/05/2026,חמישי,0.69,6.84
חדר החדשות איי 24,21/05/2026,חמישי,0.64,6.71
חדר החדשות איי 24,21/05/2026,חמישי,0.69,8.15
חדר החדשות איי 24,21/05/2026,חמישי,0.57,8.29
חדר החדשות איי 24,21/05/2026,חמישי,0.83,10.52
חדר החדשות איי 24,21/05/2026,חמישי,1.01,11.38
המהדורה המרכזית איי 24,21/05/2026,חמישי,1.59,12.6
חדר החדשות איי 24,22/05/2026,שישי,0.7,4.05
חדר החדשות איי 24,22/05/2026,שישי,0.9,5.2
חדר החדשות איי 24,22/05/2026,שישי,0.82,5.03
חדר החדשות איי 24,22/05/2026,שישי,0.99,6.56
סופשבוע איי 24,22/05/2026,שישי,1.58,9.2
חדר החדשות איי 24,23/05/2026,שבת,0.43,6.44
חדר החדשות איי 24,23/05/2026,שבת,0.8,6.14
חדר החדשות איי 24,23/05/2026,שבת,0.59,8.76
חדר החדשות איי 24,23/05/2026,שבת,0.61,9.79
סופשבוע איי 24,23/05/2026,שבת,1.69,14.51
מגזין השבת איי 24,23/05/2026,שבת,2.23,25.45
חדר החדשות איי 24,24/05/2026,ראשון,0,6.87
חדר החדשות איי 24,24/05/2026,ראשון,0.26,9.47
חדר החדשות איי 24,24/05/2026,ראשון,0.26,7.2
חדר החדשות איי 24,24/05/2026,ראשון,0.31,6.42
חדר החדשות איי 24,24/05/2026,ראשון,0.34,4.92
חדר החדשות איי 24,24/05/2026,ראשון,0.59,4.34
מדברים חדשות,24/05/2026,ראשון,0.67,6.63
מהדורת 15,24/05/2026,ראשון,0.38,7.71
מהדורת חמש איי 24,24/05/2026,ראשון,0.53,11.86
מדד גלבוע,24/05/2026,ראשון,0.7,15.25
המהדורה המרכזית איי 24,24/05/2026,ראשון,0.78,29.22
הישראלים איי 24,24/05/2026,ראשון,0.3,35.53
חדר החדשות איי 24,25/05/2026,שני,0,6.53
חדר החדשות איי 24,25/05/2026,שני,0,7.26
חדר החדשות איי 24,25/05/2026,שני,0.06,6.31
חדר החדשות איי 24,25/05/2026,שני,0.33,6.16
חדר החדשות איי 24,25/05/2026,שני,0.16,5.06
חדר החדשות איי 24,25/05/2026,שני,0.03,4.84
מדברים חדשות,25/05/2026,שני,0.29,6.07
מהדורת 15,25/05/2026,שני,0.32,7.54
מהדורת חמש איי 24,25/05/2026,שני,0.71,10.62
מדד גלבוע,25/05/2026,שני,1.13,14.88
7 שרון גל,25/05/2026,שני,2.18,19.11
המהדורה המרכזית איי 24,25/05/2026,שני,1.85,27.76
הישראלים איי 24,25/05/2026,שני,1.03,31.67
חדר החדשות איי 24,26/05/2026,שלישי,0.06,8.94
חדר החדשות איי 24,26/05/2026,שלישי,0.02,8.28
חדר החדשות איי 24,26/05/2026,שלישי,0.22,6.76
חדר החדשות איי 24,26/05/2026,שלישי,0.13,5.41
חדר החדשות איי 24,26/05/2026,שלישי,0,5.59
חדר החדשות איי 24,26/05/2026,שלישי,0.01,5.12
מדברים חדשות,26/05/2026,שלישי,0.8,6.7
מהדורת 15,26/05/2026,שלישי,0.78,9.53
מהדורת חמש איי 24,26/05/2026,שלישי,0.59,13.09
מדד גלבוע,26/05/2026,שלישי,0.79,16.07
7 שרון גל,26/05/2026,שלישי,1.41,19.8
המהדורה המרכזית איי 24,26/05/2026,שלישי,0.58,25.62
הישראלים איי 24,26/05/2026,שלישי,0.12,30.98
חדר החדשות איי 24,27/05/2026,רביעי,0.19,8.28
חדר החדשות איי 24,27/05/2026,רביעי,0.07,7.61
חדר החדשות איי 24,27/05/2026,רביעי,0,8.06
חדר החדשות איי 24,27/05/2026,רביעי,0.3,5.8
חדר החדשות איי 24,27/05/2026,רביעי,0.32,5.77
חדר החדשות איי 24,27/05/2026,רביעי,0.02,5.69
מדברים חדשות,27/05/2026,רביעי,0.01,5.3
מהדורת 15,27/05/2026,רביעי,0.26,7.76
מהדורת חמש איי 24,27/05/2026,רביעי,0.28,11.83
מדד גלבוע,27/05/2026,רביעי,0.66,14.71
7 שרון גל,27/05/2026,רביעי,0.7,17.57
המהדורה המרכזית איי 24,27/05/2026,רביעי,0.75,27.81
הישראלים איי 24,27/05/2026,רביעי,0.39,35.72
חדר החדשות איי 24,28/05/2026,חמישי,0,7.33
חדר החדשות איי 24,28/05/2026,חמישי,0.13,8.46
חדר החדשות איי 24,28/05/2026,חמישי,0.04,7.57
חדר החדשות איי 24,28/05/2026,חמישי,0.24,6.15
חדר החדשות איי 24,28/05/2026,חמישי,0,3.91
חדר החדשות איי 24,28/05/2026,חמישי,0.21,5.04
מדברים חדשות,28/05/2026,חמישי,0.28,5.98
מהדורת 15,28/05/2026,חמישי,0.31,7.31
מהדורת חמש איי 24,28/05/2026,חמישי,0.19,12.69
מדד גלבוע,28/05/2026,חמישי,0.51,14.86
המהדורה המרכזית איי 24,28/05/2026,חמישי,0.72,25.41
הערביסטים,28/05/2026,חמישי,1.27,30.22
חדר החדשות איי 24,28/05/2026,חמישי,1.14,25.26
חדר החדשות איי 24,29/05/2026,שישי,0.18,5.49
חדר החדשות איי 24,29/05/2026,שישי,0.1,9.01
חדר החדשות איי 24,29/05/2026,שישי,0.15,11.08
חדר החדשות איי 24,29/05/2026,שישי,0.09,9.45
חדר החדשות איי 24,29/05/2026,שישי,0.33,6.72
חדר החדשות איי 24,29/05/2026,שישי,0.86,5.32
חדר החדשות איי 24,29/05/2026,שישי,0.94,5.32
חדר החדשות איי 24,29/05/2026,שישי,0.94,6.04
חדר החדשות איי 24,29/05/2026,שישי,0.91,7.19
חדר החדשות איי 24,29/05/2026,שישי,0.82,11.09
סופשבוע איי 24,29/05/2026,שישי,1.52,13.41
קבינט שישי,29/05/2026,שישי,2.91,18.61
חדר החדשות איי 24,30/05/2026,שבת,0.29,4.15
חדר החדשות איי 24,30/05/2026,שבת,0.69,5.68
חדר החדשות איי 24,30/05/2026,שבת,0.85,8.16
חדר החדשות איי 24,30/05/2026,שבת,1.46,10.79
סופשבוע איי 24,30/05/2026,שבת,1.47,13.47
מגזין השבת איי 24,30/05/2026,שבת,1.29,23.22
הערביסטים,30/05/2026,שבת,0.97,42
חדר החדשות איי 24,31/05/2026,ראשון,0.06,8.41
חדר החדשות איי 24,31/05/2026,ראשון,0.18,9.7
חדר החדשות איי 24,31/05/2026,ראשון,0.01,6.83
חדר החדשות איי 24,31/05/2026,ראשון,0.23,4.93
חדר החדשות איי 24,31/05/2026,ראשון,0.01,4.79
חדר החדשות איי 24,31/05/2026,ראשון,0.2,3.97
מדברים חדשות,31/05/2026,ראשון,0.27,7.1
מהדורת 15,31/05/2026,ראשון,0.6,9.86
מהדורת חמש איי 24,31/05/2026,ראשון,0.7,13.3
מדד גלבוע,31/05/2026,ראשון,0.89,16.28
7 שרון גל,31/05/2026,ראשון,2.05,20.08
המהדורה המרכזית איי 24,31/05/2026,ראשון,1.94,30.21
הישראלים איי 24,31/05/2026,ראשון,0.87,38.59
חדר החדשות איי 24,01/06/2026,שני,0.02,8.23
חדר החדשות איי 24,01/06/2026,שני,0,8.11
חדר החדשות איי 24,01/06/2026,שני,0.31,6.06
חדר החדשות איי 24,01/06/2026,שני,0.06,4.86
חדר החדשות איי 24,01/06/2026,שני,0.23,4.61
מדברים חדשות,01/06/2026,שני,0.25,6.09
מהדורת 15,01/06/2026,שני,0.69,8.71
מהדורת חמש איי 24,01/06/2026,שני,0.82,14.31
מדד גלבוע,01/06/2026,שני,1.35,17.09
7 שרון גל,01/06/2026,שני,2.1,18.52
המהדורה המרכזית איי 24,01/06/2026,שני,1.83,27.49
הישראלים איי 24,01/06/2026,שני,0.26,35.72
חדר החדשות איי 24,02/06/2026,שלישי,0.31,9.95
חדר החדשות איי 24,02/06/2026,שלישי,0.18,10.39
חדר החדשות איי 24,02/06/2026,שלישי,0.56,7.64
חדר החדשות איי 24,02/06/2026,שלישי,0.47,7.02
חדר החדשות איי 24,02/06/2026,שלישי,0.07,6.44
חדר החדשות איי 24,02/06/2026,שלישי,0.17,5.01
מדברים חדשות,02/06/2026,שלישי,0.29,6.82
מהדורת 15,02/06/2026,שלישי,0.36,8.52
מהדורת חמש איי 24,02/06/2026,שלישי,0.64,11.1
מדד גלבוע,02/06/2026,שלישי,0.84,16.99
7 שרון גל,02/06/2026,שלישי,1.09,19.35
המהדורה המרכזית איי 24,02/06/2026,שלישי,0.38,27.2
הישראלים איי 24,02/06/2026,שלישי,0.5,38.47
חדר החדשות איי 24,03/06/2026,רביעי,0.13,8.67
חדר החדשות איי 24,03/06/2026,רביעי,0.24,8.23
חדר החדשות איי 24,03/06/2026,רביעי,0.34,6.75
חדר החדשות איי 24,03/06/2026,רביעי,0.16,4.7
חדר החדשות איי 24,03/06/2026,רביעי,0.1,3.5
חדר החדשות איי 24,03/06/2026,רביעי,0,5.22
מדברים חדשות,03/06/2026,רביעי,0.16,5.86
מהדורת 15,03/06/2026,רביעי,0.27,8.08
מהדורת חמש איי 24,03/06/2026,רביעי,0.38,11.51
מדד גלבוע,03/06/2026,רביעי,0.99,15.6
7 שרון גל,03/06/2026,רביעי,1.22,20.66
המהדורה המרכזית איי 24,03/06/2026,רביעי,1.12,27.79
הישראלים איי 24,03/06/2026,רביעי,0.62,37.74
חדר החדשות איי 24,04/06/2026,חמישי,0.19,9.27
חדר החדשות איי 24,04/06/2026,חמישי,0.13,8.27
חדר החדשות איי 24,04/06/2026,חמישי,0.28,7.97
חדר החדשות איי 24,04/06/2026,חמישי,0.43,5.54
חדר החדשות איי 24,04/06/2026,חמישי,0.17,3.85
חדר החדשות איי 24,04/06/2026,חמישי,0.07,4.6
מדברים חדשות,04/06/2026,חמישי,0.15,5.76
מהדורת 15,04/06/2026,חמישי,0.59,7.16
מהדורת חמש איי 24,04/06/2026,חמישי,0.56,10.76
מדד גלבוע,04/06/2026,חמישי,0.54,14.98
המהדורה המרכזית איי 24,04/06/2026,חמישי,0.74,25.31
הערביסטים,04/06/2026,חמישי,0.84,30.94
חדר החדשות איי 24,04/06/2026,חמישי,0.34,27
חדר החדשות איי 24,05/06/2026,שישי,0.11,7.04
חדר החדשות איי 24,05/06/2026,שישי,0.18,8.35
חדר החדשות איי 24,05/06/2026,שישי,0.22,9.57
חדר החדשות איי 24,05/06/2026,שישי,0.37,8.56
חדר החדשות איי 24,05/06/2026,שישי,0.54,6.79
חדר החדשות איי 24,05/06/2026,שישי,0.55,5.4
חדר החדשות איי 24,05/06/2026,שישי,0.26,4.68
חדר החדשות איי 24,05/06/2026,שישי,0.1,5.64
חדר החדשות איי 24,05/06/2026,שישי,0.84,7.41
חדר החדשות איי 24,05/06/2026,שישי,0.96,11.38
סופשבוע איי 24,05/06/2026,שישי,1.5,14
קבינט שישי,05/06/2026,שישי,4.16,19.85
חדר החדשות איי 24,06/06/2026,שבת,0.91,5.51
חדר החדשות איי 24,06/06/2026,שבת,1,6.05
חדר החדשות איי 24,06/06/2026,שבת,0.67,7.84
חדר החדשות איי 24,06/06/2026,שבת,0.62,9.02
סופשבוע איי 24,06/06/2026,שבת,1.42,14.54
מגזין השבת איי 24,06/06/2026,שבת,1.84,25.34
הערביסטים,06/06/2026,שבת,1.61,39.31
חדר החדשות איי 24,06/06/2026,שבת,0.36,39.2
חדר החדשות איי 24,07/06/2026,ראשון,0.11,8.9
חדר החדשות איי 24,07/06/2026,ראשון,0,8.14
חדר החדשות איי 24,07/06/2026,ראשון,0.13,6.98
חדר החדשות איי 24,07/06/2026,ראשון,0.39,6.01
מדברים חדשות,07/06/2026,ראשון,0.19,8.65
מהדורת 15,07/06/2026,ראשון,0.22,8.99
מהדורת חמש איי 24,07/06/2026,ראשון,0.24,13.63
מדד גלבוע,07/06/2026,ראשון,1.32,19.34
7 שרון גל,07/06/2026,ראשון,1.67,21.29
המהדורה המרכזית איי 24,07/06/2026,ראשון,0.87,30.29
הישראלים איי 24,07/06/2026,ראשון,1.6,44.08
חדר החדשות איי 24,08/06/2026,שני,0.76,21.13
חדר החדשות איי 24,08/06/2026,שני,0.71,17.98
מדברים חדשות,08/06/2026,שני,0.6,14.98
מהדורת חמש איי 24,08/06/2026,שני,1.12,17.91
מדד גלבוע,08/06/2026,שני,0.88,22.23
7 שרון גל,08/06/2026,שני,1.7,25.8
המהדורה המרכזית איי 24,08/06/2026,שני,1.08,32.46
הישראלים איי 24,08/06/2026,שני,0.29,31.99
חדר החדשות איי 24,08/06/2026,שני,0.03,14.91
חדר החדשות איי 24,09/06/2026,שלישי,0.16,11.29
חדר החדשות איי 24,09/06/2026,שלישי,0.39,10.12
חדר החדשות איי 24,09/06/2026,שלישי,0.18,8.79
חדר החדשות איי 24,09/06/2026,שלישי,0,6.84
חדר החדשות איי 24,09/06/2026,שלישי,0,4.6
חדר החדשות איי 24,09/06/2026,שלישי,0,4.49
מדברים חדשות,09/06/2026,שלישי,0.46,5.67
מהדורת 15,09/06/2026,שלישי,0.3,9.17
מהדורת חמש איי 24,09/06/2026,שלישי,0.44,12.6
מדד גלבוע,09/06/2026,שלישי,1.36,16.58
7 שרון גל,09/06/2026,שלישי,1.77,19.36
המהדורה המרכזית איי 24,09/06/2026,שלישי,1.58,27.27
הישראלים איי 24,09/06/2026,שלישי,0.48,38.39
חדר החדשות איי 24,10/06/2026,רביעי,0.09,8.73
חדר החדשות איי 24,10/06/2026,רביעי,0.42,9.37
חדר החדשות איי 24,10/06/2026,רביעי,0.56,8.31
חדר החדשות איי 24,10/06/2026,רביעי,0.18,7.04
חדר החדשות איי 24,10/06/2026,רביעי,0.17,5.38
חדר החדשות איי 24,10/06/2026,רביעי,0.43,5.44
מדברים חדשות,10/06/2026,רביעי,0.15,7.09
מהדורת 15,10/06/2026,רביעי,0.19,10.19
מהדורת חמש איי 24,10/06/2026,רביעי,0.62,12.52
מדד גלבוע,10/06/2026,רביעי,1.4,16.28
7 שרון גל,10/06/2026,רביעי,1.61,18.18
המהדורה המרכזית איי 24,10/06/2026,רביעי,1.97,27.98
הישראלים איי 24,10/06/2026,רביעי,0.66,40.15
חדר החדשות איי 24,11/06/2026,חמישי,0,9.18
חדר החדשות איי 24,11/06/2026,חמישי,0,10.28
חדר החדשות איי 24,11/06/2026,חמישי,0.23,9.2
חדר החדשות איי 24,11/06/2026,חמישי,0.11,6.54
חדר החדשות איי 24,11/06/2026,חמישי,0.14,4.89
חדר החדשות איי 24,11/06/2026,חמישי,0.22,4.81
מדברים חדשות,11/06/2026,חמישי,0.56,4.86
מהדורת 15,11/06/2026,חמישי,0.55,8.99
מהדורת חמש איי 24,11/06/2026,חמישי,0.45,12.86
מדד גלבוע,11/06/2026,חמישי,0.73,17.6
המהדורה המרכזית איי 24,11/06/2026,חמישי,0.93,27.68
חדר החדשות איי 24,11/06/2026,חמישי,0.74,27.59
חדר החדשות איי 24,12/06/2026,שישי,0.21,6.87
חדר החדשות איי 24,12/06/2026,שישי,0.42,7.9
חדר החדשות איי 24,12/06/2026,שישי,0.93,9.39
חדר החדשות איי 24,12/06/2026,שישי,1.21,9.22
חדר החדשות איי 24,12/06/2026,שישי,1.06,7.38
חדר החדשות איי 24,12/06/2026,שישי,1.2,5.98
חדר החדשות איי 24,12/06/2026,שישי,0.99,6.25
חדר החדשות איי 24,12/06/2026,שישי,1.37,6.99
חדר החדשות איי 24,12/06/2026,שישי,1.08,6.58
"מהדורת חמש איי 24 - סופ""ש",12/06/2026,שישי,2.01,13.04
סופשבוע איי 24,12/06/2026,שישי,2.51,14.81
קבינט שישי,12/06/2026,שישי,3.85,19.78
חדר החדשות איי 24,13/06/2026,שבת,0.55,4.77
חדר החדשות איי 24,13/06/2026,שבת,0.85,5.89
חדר החדשות איי 24,13/06/2026,שבת,0.43,7.19
חדר החדשות איי 24,13/06/2026,שבת,0.52,8.56
סופשבוע איי 24,13/06/2026,שבת,1.48,13.26
מגזין השבת איי 24,13/06/2026,שבת,1.83,23.96
הערביסטים,13/06/2026,שבת,1.22,37.51
חדר החדשות איי 24,14/06/2026,ראשון,0.1,8.63
חדר החדשות איי 24,14/06/2026,ראשון,0.19,7.76
חדר החדשות איי 24,14/06/2026,ראשון,0.22,6.27
חדר החדשות איי 24,14/06/2026,ראשון,0.22,5.55
חדר החדשות איי 24,14/06/2026,ראשון,0.01,4.17
חדר החדשות איי 24,14/06/2026,ראשון,0.03,3.95
מדברים חדשות,14/06/2026,ראשון,0.14,7.05
מהדורת 15,14/06/2026,ראשון,0.5,9.89
מהדורת חמש איי 24,14/06/2026,ראשון,0.75,14.32
מדד גלבוע,14/06/2026,ראשון,0.92,20.15
7 שרון גל,14/06/2026,ראשון,1.93,24.36
המהדורה המרכזית איי 24,14/06/2026,ראשון,1.68,39.65
הישראלים איי 24,14/06/2026,ראשון,0.76,44.25
חדר החדשות איי 24,15/06/2026,שני,0.02,10.14
חדר החדשות איי 24,15/06/2026,שני,0.11,10.48
חדר החדשות איי 24,15/06/2026,שני,0.45,8.68
חדר החדשות איי 24,15/06/2026,שני,0.32,6.99
חדר החדשות איי 24,15/06/2026,שני,0.15,4.85
חדר החדשות איי 24,15/06/2026,שני,0.1,4.96
מדברים חדשות,15/06/2026,שני,0.33,5.61
מהדורת 15,15/06/2026,שני,0.54,8.03
מהדורת חמש איי 24,15/06/2026,שני,0.51,12.17
מדד גלבוע,15/06/2026,שני,0.9,15.15
7 שרון גל,15/06/2026,שני,1.86,23.13
המהדורה המרכזית איי 24,15/06/2026,שני,0.95,34.15
הישראלים איי 24,15/06/2026,שני,0.98,35.43
חדר החדשות איי 24,16/06/2026,שלישי,0.26,7.94
חדר החדשות איי 24,16/06/2026,שלישי,0,10.06
חדר החדשות איי 24,16/06/2026,שלישי,0.45,8.13
חדר החדשות איי 24,16/06/2026,שלישי,0.44,6.61
חדר החדשות איי 24,16/06/2026,שלישי,0.1,5.36
חדר החדשות איי 24,16/06/2026,שלישי,0.49,5.17
מדברים חדשות,16/06/2026,שלישי,0.51,7.22
מהדורת 15,16/06/2026,שלישי,0.66,9.99
מהדורת חמש איי 24,16/06/2026,שלישי,0.64,11.06
מדד גלבוע,16/06/2026,שלישי,1.26,16.17
7 שרון גל,16/06/2026,שלישי,1.7,19.53
המהדורה המרכזית איי 24,16/06/2026,שלישי,1.41,26.29
הישראלים איי 24,16/06/2026,שלישי,0.36,38.52
חדר החדשות איי 24,17/06/2026,רביעי,0.19,9.39
חדר החדשות איי 24,17/06/2026,רביעי,0.17,9.31
חדר החדשות איי 24,17/06/2026,רביעי,0.31,8.62
חדר החדשות איי 24,17/06/2026,רביעי,0.31,5.77
חדר החדשות איי 24,17/06/2026,רביעי,0.15,4.38
חדר החדשות איי 24,17/06/2026,רביעי,0.34,6.39
מדברים חדשות,17/06/2026,רביעי,0.33,7.14
מהדורת 15,17/06/2026,רביעי,0.63,8.61
מהדורת חמש איי 24,17/06/2026,רביעי,0.65,13.53
מדד גלבוע,17/06/2026,רביעי,1.28,17.63
7 שרון גל,17/06/2026,רביעי,1.84,20.49
המהדורה המרכזית איי 24,17/06/2026,רביעי,1.56,31.66
הישראלים איי 24,17/06/2026,רביעי,0.44,38.35
חדר החדשות איי 24,18/06/2026,חמישי,0.04,10.3
חדר החדשות איי 24,18/06/2026,חמישי,0.14,11.17
חדר החדשות איי 24,18/06/2026,חמישי,0.32,8.44
חדר החדשות איי 24,18/06/2026,חמישי,0.29,6.46
חדר החדשות איי 24,18/06/2026,חמישי,0.24,4.71
חדר החדשות איי 24,18/06/2026,חמישי,0.27,5.98
מדברים חדשות,18/06/2026,חמישי,0.4,5.87
מהדורת 15,18/06/2026,חמישי,0.46,9.46
מהדורת חמש איי 24,18/06/2026,חמישי,0.89,12.49
מדד גלבוע,18/06/2026,חמישי,0.77,15.07
המהדורה המרכזית איי 24,18/06/2026,חמישי,1,29.18
הערביסטים,18/06/2026,חמישי,0.91,34.99
חדר החדשות איי 24,18/06/2026,חמישי,0.7,30.79
חדר החדשות איי 24,19/06/2026,שישי,0,6.02
חדר החדשות איי 24,19/06/2026,שישי,0.2,9.33
חדר החדשות איי 24,19/06/2026,שישי,0.37,9.2
חדר החדשות איי 24,19/06/2026,שישי,0.22,9.4
חדר החדשות איי 24,19/06/2026,שישי,0.37,8.13
חדר החדשות איי 24,19/06/2026,שישי,0.99,8.24
חדר החדשות איי 24,19/06/2026,שישי,0.66,9.32
חדר החדשות איי 24,19/06/2026,שישי,0.34,9.04
"מהדורת חמש איי 24 - סופ""ש",19/06/2026,שישי,1.08,14.13
סופשבוע איי 24,19/06/2026,שישי,2.05,14.03
קבינט שישי,19/06/2026,שישי,2.91,18.14
חדר החדשות איי 24,20/06/2026,שבת,0.4,6.18
חדר החדשות איי 24,20/06/2026,שבת,0.79,6.61
חדר החדשות איי 24,20/06/2026,שבת,1.05,10.73
סופשבוע איי 24,20/06/2026,שבת,2.15,16.46
מגזין השבת איי 24,20/06/2026,שבת,2.07,30.21
הערביסטים,20/06/2026,שבת,1.11,43
חדר החדשות איי 24,21/06/2026,ראשון,0.13,8.79
חדר החדשות איי 24,21/06/2026,ראשון,0.19,9.13
חדר החדשות איי 24,21/06/2026,ראשון,0.25,8.27
חדר החדשות איי 24,21/06/2026,ראשון,0.13,6.67
חדר החדשות איי 24,21/06/2026,ראשון,0.08,5.89
חדר החדשות איי 24,21/06/2026,ראשון,0.05,4.55
מדברים חדשות,21/06/2026,ראשון,0.2,6.45
מהדורת 15,21/06/2026,ראשון,0.4,8.45
מהדורת חמש איי 24,21/06/2026,ראשון,0.4,11.73
מדד גלבוע,21/06/2026,ראשון,0.37,16.37
7 שרון גל,21/06/2026,ראשון,1.57,24.82
המהדורה המרכזית איי 24,21/06/2026,ראשון,0.87,32.46
הישראלים איי 24,21/06/2026,ראשון,0.39,40.36
חדר החדשות איי 24,22/06/2026,שני,0,8.48
חדר החדשות איי 24,22/06/2026,שני,0.26,9.19
חדר החדשות איי 24,22/06/2026,שני,0.22,6.27
חדר החדשות איי 24,22/06/2026,שני,0.36,5.82
חדר החדשות איי 24,22/06/2026,שני,0.16,4.57
חדר החדשות איי 24,22/06/2026,שני,0.4,5.82
מדברים חדשות,22/06/2026,שני,0.31,6.04
מהדורת 15,22/06/2026,שני,0.25,7.4
מהדורת חמש איי 24,22/06/2026,שני,0.52,11.32
מדד גלבוע,22/06/2026,שני,0.79,16.55
7 שרון גל,22/06/2026,שני,1.9,20.89
המהדורה המרכזית איי 24,22/06/2026,שני,1.07,33.12
הישראלים איי 24,22/06/2026,שני,0.41,37.25
חדר החדשות איי 24,23/06/2026,שלישי,0.1,9.7
חדר החדשות איי 24,23/06/2026,שלישי,0.02,11.29
חדר החדשות איי 24,23/06/2026,שלישי,0.3,7.73
חדר החדשות איי 24,23/06/2026,שלישי,0,5.74
חדר החדשות איי 24,23/06/2026,שלישי,0,4.84
חדר החדשות איי 24,23/06/2026,שלישי,0.01,6.25
מדברים חדשות,23/06/2026,שלישי,0.29,6.93
מהדורת 15,23/06/2026,שלישי,0.47,9.74
מהדורת חמש איי 24,23/06/2026,שלישי,0.5,12
מדד גלבוע,23/06/2026,שלישי,0.61,15.23
7 שרון גל,23/06/2026,שלישי,1.84,19.5
המהדורה המרכזית איי 24,23/06/2026,שלישי,1.03,30.61
הישראלים איי 24,23/06/2026,שלישי,0.52,40.27
חדר החדשות איי 24,24/06/2026,רביעי,0,8.25
חדר החדשות איי 24,24/06/2026,רביעי,0,9.16
חדר החדשות איי 24,24/06/2026,רביעי,0.07,7.78
חדר החדשות איי 24,24/06/2026,רביעי,0,5.85
חדר החדשות איי 24,24/06/2026,רביעי,0.07,5.76
חדר החדשות איי 24,24/06/2026,רביעי,0.27,6.33
מדברים חדשות,24/06/2026,רביעי,0.34,7.26
מהדורת 15,24/06/2026,רביעי,0.39,10.55
מהדורת חמש איי 24,24/06/2026,רביעי,0.51,14.03
מדד גלבוע,24/06/2026,רביעי,1.08,17.96
7 שרון גל,24/06/2026,רביעי,2.13,22.64
המהדורה המרכזית איי 24,24/06/2026,רביעי,1.39,29.73
הישראלים איי 24,24/06/2026,רביעי,0.48,38
חדר החדשות איי 24,25/06/2026,חמישי,0,10
חדר החדשות איי 24,25/06/2026,חמישי,0.07,10.55
חדר החדשות איי 24,25/06/2026,חמישי,0.51,8.72
חדר החדשות איי 24,25/06/2026,חמישי,0.38,6.82
חדר החדשות איי 24,25/06/2026,חמישי,0.38,5.82
חדר החדשות איי 24,25/06/2026,חמישי,0.28,5.87
מדברים חדשות,25/06/2026,חמישי,0.17,6.34
מהדורת 15,25/06/2026,חמישי,0.22,8.5
מהדורת חמש איי 24,25/06/2026,חמישי,0.28,11.34
מדד גלבוע,25/06/2026,חמישי,0.38,14.98
המהדורה המרכזית איי 24,25/06/2026,חמישי,1.23,26.03
הערביסטים,25/06/2026,חמישי,0.69,30.1
חדר החדשות איי 24,25/06/2026,חמישי,0.22,22.92
חדר החדשות איי 24,26/06/2026,שישי,0,6.24
חדר החדשות איי 24,26/06/2026,שישי,0.08,10.52
חדר החדשות איי 24,26/06/2026,שישי,1.17,12.44
חדר החדשות איי 24,26/06/2026,שישי,0.92,9.58
חדר החדשות איי 24,26/06/2026,שישי,1.42,7.72
חדר החדשות איי 24,26/06/2026,שישי,0.91,6.27
חדר החדשות איי 24,26/06/2026,שישי,0.63,6.22
חדר החדשות איי 24,26/06/2026,שישי,0.95,5.67
חדר החדשות איי 24,26/06/2026,שישי,0.61,6.82
"מהדורת חמש איי 24 - סופ""ש",26/06/2026,שישי,1.52,12.95
סופשבוע איי 24,26/06/2026,שישי,1.36,13.25
קבינט שישי,26/06/2026,שישי,2.99,19.88
חדר החדשות איי 24,27/06/2026,שבת,0.89,6.83
חדר החדשות איי 24,27/06/2026,שבת,0.84,7.07
"מהדורת חמש איי 24 - סופ""ש",27/06/2026,שבת,1.41,10.59
סופשבוע איי 24,27/06/2026,שבת,1.66,15.08
מגזין השבת איי 24,27/06/2026,שבת,2.49,27.44
הערביסטים,27/06/2026,שבת,1.96,39.21
חדר החדשות איי 24,28/06/2026,ראשון,0.1,9.28
חדר החדשות איי 24,28/06/2026,ראשון,0.1,10.35
חדר החדשות איי 24,28/06/2026,ראשון,0.59,7.78
חדר החדשות איי 24,28/06/2026,ראשון,0.54,6.55
חדר החדשות איי 24,28/06/2026,ראשון,0.69,5.6
חדר החדשות איי 24,28/06/2026,ראשון,0.59,5.14
חדר החדשות איי 24,28/06/2026,ראשון,0.8,5.67
מדברים חדשות,28/06/2026,ראשון,0.59,7.62
מהדורת 15,28/06/2026,ראשון,0.42,8.97
מהדורת חמש איי 24,28/06/2026,ראשון,0.99,13.48
מדד גלבוע,28/06/2026,ראשון,1.36,17.86
7 שרון גל,28/06/2026,ראשון,1.95,20.65
המהדורה המרכזית איי 24,28/06/2026,ראשון,1.3,29.18
הישראלים איי 24,28/06/2026,ראשון,0.68,38.78
חדר החדשות איי 24,29/06/2026,שני,0,8.49
חדר החדשות איי 24,29/06/2026,שני,0.34,8.39
חדר החדשות איי 24,29/06/2026,שני,0.21,7.32
חדר החדשות איי 24,29/06/2026,שני,0.36,6.66
חדר החדשות איי 24,29/06/2026,שני,0.03,5.02
חדר החדשות איי 24,29/06/2026,שני,0.29,4.4
מדברים חדשות,29/06/2026,שני,0.22,5.52
מהדורת 15,29/06/2026,שני,0.43,9.46
מהדורת חמש איי 24,29/06/2026,שני,0.43,12.68
מדד גלבוע,29/06/2026,שני,1.03,16.99
7 שרון גל,29/06/2026,שני,1.44,21.67
המהדורה המרכזית איי 24,29/06/2026,שני,0.86,34.45
הישראלים איי 24,29/06/2026,שני,0.33,38.5
חדר החדשות איי 24,30/06/2026,שלישי,0,8.99
חדר החדשות איי 24,30/06/2026,שלישי,0,9.32
חדר החדשות איי 24,30/06/2026,שלישי,0.25,7.88
חדר החדשות איי 24,30/06/2026,שלישי,0.07,6.37
חדר החדשות איי 24,30/06/2026,שלישי,0.14,4.82
חדר החדשות איי 24,30/06/2026,שלישי,0.58,4.86
מדברים חדשות,30/06/2026,שלישי,0.38,6.3
מהדורת 15,30/06/2026,שלישי,0.25,9.05
מהדורת חמש איי 24,30/06/2026,שלישי,0.21,12.81
מדד גלבוע,30/06/2026,שלישי,0.96,17.7
7 שרון גל,30/06/2026,שלישי,0.81,19.62
המהדורה המרכזית איי 24,30/06/2026,שלישי,0.3,30.94
הישראלים איי 24,30/06/2026,שלישי,0.19,36.88
חדר החדשות איי 24,01/07/2026,רביעי,0.03,10.01
חדר החדשות איי 24,01/07/2026,רביעי,0.02,9.62
חדר החדשות איי 24,01/07/2026,רביעי,0.33,7.51
חדר החדשות איי 24,01/07/2026,רביעי,0.2,6.97
חדר החדשות איי 24,01/07/2026,רביעי,0.3,7.74
חדר החדשות איי 24,01/07/2026,רביעי,0.03,6.58
מדברים חדשות,01/07/2026,רביעי,0.13,7.02
מהדורת 15,01/07/2026,רביעי,0.44,8.87
מהדורת חמש איי 24,01/07/2026,רביעי,0.56,10.9
מדד גלבוע,01/07/2026,רביעי,0.76,15.79
7 שרון גל,01/07/2026,רביעי,0.48,24.37
המהדורה המרכזית איי 24,01/07/2026,רביעי,0.57,33.09
הישראלים איי 24,01/07/2026,רביעי,0.35,34.43
חדר החדשות איי 24,02/07/2026,חמישי,0.13,8.16
חדר החדשות איי 24,02/07/2026,חמישי,0.42,8.82
חדר החדשות איי 24,02/07/2026,חמישי,0.19,7.26
חדר החדשות איי 24,02/07/2026,חמישי,0.28,6.82
חדר החדשות איי 24,02/07/2026,חמישי,0.13,5.74
חדר החדשות איי 24,02/07/2026,חמישי,0.21,5.18
מדברים חדשות,02/07/2026,חמישי,0.25,6.49
מהדורת 15,02/07/2026,חמישי,0.31,8.24
מהדורת חמש איי 24,02/07/2026,חמישי,0.3,10.61
מדד גלבוע,02/07/2026,חמישי,0.76,14.25
המהדורה המרכזית איי 24,02/07/2026,חמישי,1.15,26.66
הערביסטים,02/07/2026,חמישי,0.75,35.44
חדר החדשות איי 24,02/07/2026,חמישי,0.55,34.79
חדר החדשות איי 24,03/07/2026,שישי,0,4.87
חדר החדשות איי 24,03/07/2026,שישי,0.02,9.76
חדר החדשות איי 24,03/07/2026,שישי,0.26,11.79
חדר החדשות איי 24,03/07/2026,שישי,0.74,9.68
חדר החדשות איי 24,03/07/2026,שישי,0.74,7.35
חדר החדשות איי 24,03/07/2026,שישי,0.74,6.24
חדר החדשות איי 24,03/07/2026,שישי,0.62,6.99
חדר החדשות איי 24,03/07/2026,שישי,0.44,6.43
חדר החדשות איי 24,03/07/2026,שישי,0.52,7.64
"מהדורת חמש איי 24 - סופ""ש",03/07/2026,שישי,0.97,11.75
סופשבוע איי 24,03/07/2026,שישי,0.63,13.24
קבינט שישי,03/07/2026,שישי,2.59,17.79
חדר החדשות איי 24,04/07/2026,שבת,0.38,4.23
חדר החדשות איי 24,04/07/2026,שבת,0.42,4.65
"מהדורת חמש איי 24 - סופ""ש",04/07/2026,שבת,1,8.35
סופשבוע איי 24,04/07/2026,שבת,1.57,14.54
מגזין השבת איי 24,04/07/2026,שבת,2.41,29.35
הערביסטים,04/07/2026,שבת,0.92,43.86
חדר החדשות איי 24,05/07/2026,ראשון,0.24,9.23
חדר החדשות איי 24,05/07/2026,ראשון,0.34,9.87
חדר החדשות איי 24,05/07/2026,ראשון,0,8.63
חדר החדשות איי 24,05/07/2026,ראשון,0.12,6.32
חדר החדשות איי 24,05/07/2026,ראשון,0.29,5.94
חדר החדשות איי 24,05/07/2026,ראשון,0.19,5.18
מדברים חדשות,05/07/2026,ראשון,0.17,7.46
מהדורת 15,05/07/2026,ראשון,0.15,9.83
מהדורת חמש איי 24,05/07/2026,ראשון,0.37,12.39
מדד גלבוע,05/07/2026,ראשון,1.11,17.03
7 שרון גל,05/07/2026,ראשון,2.16,20.91
המהדורה המרכזית איי 24,05/07/2026,ראשון,1.55,28.48
הישראלים איי 24,05/07/2026,ראשון,0.79,34.46
חדר החדשות איי 24,06/07/2026,שני,0,9.98
חדר החדשות איי 24,06/07/2026,שני,0,11.08
חדר החדשות איי 24,06/07/2026,שני,0.03,7.5
חדר החדשות איי 24,06/07/2026,שני,0.16,7.16
חדר החדשות איי 24,06/07/2026,שני,0.28,5.82
חדר החדשות איי 24,06/07/2026,שני,0.36,5.79
מדברים חדשות,06/07/2026,שני,0.53,5.52
מהדורת 15,06/07/2026,שני,0.07,7.38
מהדורת חמש איי 24,06/07/2026,שני,0.3,10.64
מדד גלבוע,06/07/2026,שני,0.78,14.67
7 שרון גל,06/07/2026,שני,1.15,18.64
המהדורה המרכזית איי 24,06/07/2026,שני,0.72,27.03
הישראלים איי 24,06/07/2026,שני,0.58,38.39
חדר החדשות איי 24,07/07/2026,שלישי,0.02,8.92
חדר החדשות איי 24,07/07/2026,שלישי,0.29,9.46
חדר החדשות איי 24,07/07/2026,שלישי,0.47,8.37
חדר החדשות איי 24,07/07/2026,שלישי,0.44,7.05
חדר החדשות איי 24,07/07/2026,שלישי,0.34,5.8
חדר החדשות איי 24,07/07/2026,שלישי,0.04,5.49
מדברים חדשות,07/07/2026,שלישי,0.42,7.92
מהדורת 15,07/07/2026,שלישי,0.47,8.49
מהדורת חמש איי 24,07/07/2026,שלישי,0.35,11.97
מדד גלבוע,07/07/2026,שלישי,0.92,16.94
7 שרון גל,07/07/2026,שלישי,1.28,28.19
המהדורה המרכזית איי 24,07/07/2026,שלישי,1.06,39.85
הישראלים איי 24,07/07/2026,שלישי,0.59,39.42
חדר החדשות איי 24,08/07/2026,רביעי,0.2,8.35
חדר החדשות איי 24,08/07/2026,רביעי,0.16,9.38
חדר החדשות איי 24,08/07/2026,רביעי,0.27,7.13
חדר החדשות איי 24,08/07/2026,רביעי,0.56,6.66
חדר החדשות איי 24,08/07/2026,רביעי,0.6,5.52
חדר החדשות איי 24,08/07/2026,רביעי,0.31,6.02
מדברים חדשות,08/07/2026,רביעי,0.13,6.57
מהדורת 15,08/07/2026,רביעי,0.71,10.44
מהדורת חמש איי 24,08/07/2026,רביעי,1.04,13.26
מדד גלבוע,08/07/2026,רביעי,1.04,16.3
7 שרון גל,08/07/2026,רביעי,1.81,19
המהדורה המרכזית איי 24,08/07/2026,רביעי,1.23,26.54
הישראלים איי 24,08/07/2026,רביעי,0.72,27.59
חדר החדשות איי 24,09/07/2026,חמישי,0,9.67
חדר החדשות איי 24,09/07/2026,חמישי,0.07,9.21
חדר החדשות איי 24,09/07/2026,חמישי,0.16,8.11
חדר החדשות איי 24,09/07/2026,חמישי,0.1,5.7
חדר החדשות איי 24,09/07/2026,חמישי,0.18,5.9
חדר החדשות איי 24,09/07/2026,חמישי,0.21,5.57
מדברים חדשות,09/07/2026,חמישי,0.24,6.1
מהדורת 15,09/07/2026,חמישי,0.58,9.15
מהדורת חמש איי 24,09/07/2026,חמישי,0.4,12.75
מדד גלבוע,09/07/2026,חמישי,0.89,16.8
המהדורה המרכזית איי 24,09/07/2026,חמישי,0.58,25.17
הערביסטים,09/07/2026,חמישי,0.87,28.15
חדר החדשות איי 24,09/07/2026,חמישי,0.44,28.14
חדר החדשות איי 24,10/07/2026,שישי,0,6.21
חדר החדשות איי 24,10/07/2026,שישי,0.07,8.97
חדר החדשות איי 24,10/07/2026,שישי,0.09,11.26
חדר החדשות איי 24,10/07/2026,שישי,0.33,9.52
חדר החדשות איי 24,10/07/2026,שישי,0.29,7.84
חדר החדשות איי 24,10/07/2026,שישי,0.07,5.32
חדר החדשות איי 24,10/07/2026,שישי,0.18,5.33
חדר החדשות איי 24,10/07/2026,שישי,0.5,6.83
חדר החדשות איי 24,10/07/2026,שישי,0.5,8.02
"מהדורת חמש איי 24 - סופ""ש",10/07/2026,שישי,1.01,12.83
סופשבוע איי 24,10/07/2026,שישי,2.2,15.42
קבינט שישי,10/07/2026,שישי,3.88,20.42
חדר החדשות איי 24,11/07/2026,שבת,0.61,5.18
חדר החדשות איי 24,11/07/2026,שבת,0.69,5.54
"מהדורת חמש איי 24 - סופ""ש",11/07/2026,שבת,1.15,9.04
סופשבוע איי 24,11/07/2026,שבת,1.75,14.39
מגזין השבת איי 24,11/07/2026,שבת,2.33,23.77
הערביסטים,11/07/2026,שבת,1.33,41.91
חדר החדשות איי 24,12/07/2026,ראשון,0,9.77
חדר החדשות איי 24,12/07/2026,ראשון,0.04,11.55
חדר החדשות איי 24,12/07/2026,ראשון,0.39,9.21
חדר החדשות איי 24,12/07/2026,ראשון,0.48,7.24
חדר החדשות איי 24,12/07/2026,ראשון,0.15,3.87
חדר החדשות איי 24,12/07/2026,ראשון,0.05,4.77
מדברים חדשות,12/07/2026,ראשון,0.25,5.43
מהדורת 15,12/07/2026,ראשון,0.21,9.19
מהדורת חמש איי 24,12/07/2026,ראשון,0.4,12.88
מדד גלבוע,12/07/2026,ראשון,0.96,17.02
7 שרון גל,12/07/2026,ראשון,2.32,22.18
המהדורה המרכזית איי 24,12/07/2026,ראשון,1.24,29.41
הישראלים איי 24,12/07/2026,ראשון,0.51,39.27
חדר החדשות איי 24,13/07/2026,שני,0.13,7.6
חדר החדשות איי 24,13/07/2026,שני,0.05,8.14
חדר החדשות איי 24,13/07/2026,שני,0.1,6.87
חדר החדשות איי 24,13/07/2026,שני,0.13,6.61
חדר החדשות איי 24,13/07/2026,שני,0.24,5.9
חדר החדשות איי 24,13/07/2026,שני,0.53,4.85
מדברים חדשות,13/07/2026,שני,0.4,6.99
מהדורת 15,13/07/2026,שני,0.29,9.11
מהדורת חמש איי 24,13/07/2026,שני,0.65,12.62
מדד גלבוע,13/07/2026,שני,1.39,17.18
7 שרון גל,13/07/2026,שני,2.31,20.33
המהדורה המרכזית איי 24,13/07/2026,שני,1.28,28.2
הישראלים איי 24,13/07/2026,שני,0.41,38.27
חדר החדשות איי 24,14/07/2026,שלישי,0.13,8.15
חדר החדשות איי 24,14/07/2026,שלישי,0.39,8.89
חדר החדשות איי 24,14/07/2026,שלישי,0.44,7.53
חדר החדשות איי 24,14/07/2026,שלישי,0.55,6.57
חדר החדשות איי 24,14/07/2026,שלישי,0,6.38
חדר החדשות איי 24,14/07/2026,שלישי,0.04,4.96
מדברים חדשות,14/07/2026,שלישי,0.2,6.19
מהדורת 15,14/07/2026,שלישי,0.47,8.65
מהדורת חמש איי 24,14/07/2026,שלישי,0.52,11.92
מדד גלבוע,14/07/2026,שלישי,1.05,15.63
7 שרון גל,14/07/2026,שלישי,1.9,19.74
המהדורה המרכזית איי 24,14/07/2026,שלישי,1.14,28.21
הישראלים איי 24,14/07/2026,שלישי,0.42,38.8
חדר החדשות איי 24,15/07/2026,רביעי,0.07,8.14
חדר החדשות איי 24,15/07/2026,רביעי,0,8.32
חדר החדשות איי 24,15/07/2026,רביעי,0.07,6.13
חדר החדשות איי 24,15/07/2026,רביעי,0.29,6.25
חדר החדשות איי 24,15/07/2026,רביעי,0.17,5.54
חדר החדשות איי 24,15/07/2026,רביעי,0.31,4.78
מדברים חדשות,15/07/2026,רביעי,0.2,6.74
מהדורת 15,15/07/2026,רביעי,0.44,7.95
מהדורת חמש איי 24,15/07/2026,רביעי,0.8,12.6
מדד גלבוע,15/07/2026,רביעי,1.53,16.18
7 שרון גל,15/07/2026,רביעי,2.35,21.11
המהדורה המרכזית איי 24,15/07/2026,רביעי,2.02,29.62
הישראלים איי 24,15/07/2026,רביעי,0.35,42
חדר החדשות איי 24,16/07/2026,חמישי,0.15,8.72
חדר החדשות איי 24,16/07/2026,חמישי,0.1,10.35
חדר החדשות איי 24,16/07/2026,חמישי,0,9.15
חדר החדשות איי 24,16/07/2026,חמישי,0,7.01
חדר החדשות איי 24,16/07/2026,חמישי,0.06,6.32
חדר החדשות איי 24,16/07/2026,חמישי,0.22,6.3
מדברים חדשות,16/07/2026,חמישי,0.02,7.17
מהדורת 15,16/07/2026,חמישי,0.33,9.4
מהדורת חמש איי 24,16/07/2026,חמישי,0.57,12.42
מדד גלבוע,16/07/2026,חמישי,0.87,16.1
המהדורה המרכזית איי 24,16/07/2026,חמישי,1.54,26.6
הערביסטים,16/07/2026,חמישי,1.48,32.83
חדר החדשות איי 24,16/07/2026,חמישי,0.56,27.28
חדר החדשות איי 24,17/07/2026,שישי,0.03,5.21
חדר החדשות איי 24,17/07/2026,שישי,0.55,6.93
חדר החדשות איי 24,17/07/2026,שישי,0.18,9.87
חדר החדשות איי 24,17/07/2026,שישי,0,9.15
חדר החדשות איי 24,17/07/2026,שישי,0.02,6.95
חדר החדשות איי 24,17/07/2026,שישי,0.44,6.14
חדר החדשות איי 24,17/07/2026,שישי,0.87,5.71
חדר החדשות איי 24,17/07/2026,שישי,1.15,7.12
חדר החדשות איי 24,17/07/2026,שישי,1.37,7.56
"מהדורת חמש איי 24 - סופ""ש",17/07/2026,שישי,1.3,11.78
סופשבוע איי 24,17/07/2026,שישי,1.81,13.97
קבינט שישי,17/07/2026,שישי,3.32,19.61
חדר החדשות איי 24,18/07/2026,שבת,1.3,5.65
חדר החדשות איי 24,18/07/2026,שבת,0.91,6.27
"מהדורת חמש איי 24 - סופ""ש",18/07/2026,שבת,1.76,10.32
סופשבוע איי 24,18/07/2026,שבת,2.38,16.16
מגזין השבת איי 24,18/07/2026,שבת,2.31,23.73
הערביסטים,18/07/2026,שבת,1.6,34.89
חדר החדשות איי 24,19/07/2026,ראשון,0,8.78
חדר החדשות איי 24,19/07/2026,ראשון,0.02,8.07
חדר החדשות איי 24,19/07/2026,ראשון,0.25,7.16
חדר החדשות איי 24,19/07/2026,ראשון,0.39,7.42
חדר החדשות איי 24,19/07/2026,ראשון,0.43,6.47
חדר החדשות איי 24,19/07/2026,ראשון,0.31,6.21
מדברים חדשות,19/07/2026,ראשון,0.49,7.4
מהדורת 15,19/07/2026,ראשון,0.97,10.41
מהדורת חמש איי 24,19/07/2026,ראשון,0.76,14.54
מדד גלבוע,19/07/2026,ראשון,0.84,18.58
7 שרון גל,19/07/2026,ראשון,1.83,22.79
המהדורה המרכזית איי 24,19/07/2026,ראשון,1.56,31.74
הישראלים איי 24,19/07/2026,ראשון,0.31,42.9
חדר החדשות איי 24,20/07/2026,שני,0,7.31
חדר החדשות איי 24,20/07/2026,שני,0.21,7.92
חדר החדשות איי 24,20/07/2026,שני,0.43,7.92
חדר החדשות איי 24,20/07/2026,שני,0.06,6.84
חדר החדשות איי 24,20/07/2026,שני,0.36,4.71
חדר החדשות איי 24,20/07/2026,שני,0.14,3.5
מדברים חדשות,20/07/2026,שני,0.61,6.73
מהדורת 15,20/07/2026,שני,0.52,8.51
מהדורת חמש איי 24,20/07/2026,שני,1.01,11.42
מדד גלבוע,20/07/2026,שני,1.3,16.99
7 שרון גל,20/07/2026,שני,1.63,20.38
המהדורה המרכזית איי 24,20/07/2026,שני,1.66,30.62
הישראלים איי 24,20/07/2026,שני,0.6,39.54
חדר החדשות איי 24,21/07/2026,שלישי,0,8.25
חדר החדשות איי 24,21/07/2026,שלישי,0.46,8.82
חדר החדשות איי 24,21/07/2026,שלישי,0.42,8.78
חדר החדשות איי 24,21/07/2026,שלישי,0.21,7.02
חדר החדשות איי 24,21/07/2026,שלישי,0,5.65
חדר החדשות איי 24,21/07/2026,שלישי,0.37,4.28
מדברים חדשות,21/07/2026,שלישי,0.69,6.44
מהדורת 15,21/07/2026,שלישי,0.52,10.58
מהדורת חמש איי 24,21/07/2026,שלישי,0.63,14.15
מדד גלבוע,21/07/2026,שלישי,1.63,18.06
7 שרון גל,21/07/2026,שלישי,1.14,20.89
המהדורה המרכזית איי 24,21/07/2026,שלישי,1.21,30.73
הישראלים איי 24,21/07/2026,שלישי,1.02,38.22
חדר החדשות איי 24,22/07/2026,רביעי,0.01,6.95
חדר החדשות איי 24,22/07/2026,רביעי,0.52,8.28
חדר החדשות איי 24,22/07/2026,רביעי,0.3,6.75
חדר החדשות איי 24,22/07/2026,רביעי,0.21,6.62
חדר החדשות איי 24,22/07/2026,רביעי,0.64,6.68
חדר החדשות איי 24,22/07/2026,רביעי,0.14,5.55
מדברים חדשות,22/07/2026,רביעי,0.32,7.32
מהדורת 15,22/07/2026,רביעי,0.67,9.5
מהדורת חמש איי 24,22/07/2026,רביעי,1.3,14.39
מדד גלבוע,22/07/2026,רביעי,1.22,19.53
7 שרון גל,22/07/2026,רביעי,1.98,26.07
המהדורה המרכזית איי 24,22/07/2026,רביעי,1.34,33.23
הישראלים איי 24,22/07/2026,רביעי,0.87,29.52
חדר החדשות איי 24,23/07/2026,חמישי,0,8.16
חדר החדשות איי 24,23/07/2026,חמישי,0.07,9.55
חדר החדשות איי 24,23/07/2026,חמישי,0.37,8.39
חדר החדשות איי 24,23/07/2026,חמישי,1.05,7.9
חדר החדשות איי 24,23/07/2026,חמישי,0.78,7.22
חדר החדשות איי 24,23/07/2026,חמישי,0.55,8.84
מדברים חדשות,23/07/2026,חמישי,0.83,7.96
מהדורת 15,23/07/2026,חמישי,0.85,11.64
מהדורת חמש איי 24,23/07/2026,חמישי,1.1,16.38
מדד גלבוע,23/07/2026,חמישי,0.92,20.21
המהדורה המרכזית איי 24,23/07/2026,חמישי,1.74,28.94
הערביסטים,23/07/2026,חמישי,0.71,36.67
חדר החדשות איי 24,23/07/2026,חמישי,0.89,33.58
חדר החדשות איי 24,24/07/2026,שישי,0,8.28
חדר החדשות איי 24,24/07/2026,שישי,0.35,11.08
חדר החדשות איי 24,24/07/2026,שישי,0.33,10.18
חדר החדשות איי 24,24/07/2026,שישי,0.31,10.9
חדר החדשות איי 24,24/07/2026,שישי,0.83,10.37
חדר החדשות איי 24,24/07/2026,שישי,0.71,9.53
חדר החדשות איי 24,24/07/2026,שישי,0.75,8.87
חדר החדשות איי 24,24/07/2026,שישי,1.08,10.97
חדר החדשות איי 24,24/07/2026,שישי,0.65,12.19
חדר החדשות איי 24,24/07/2026,שישי,1.25,18.39
"מהדורת חמש איי 24 - סופ""ש",24/07/2026,שישי,2.02,19.71
סופשבוע איי 24,24/07/2026,שישי,3.05,18.46
קבינט שישי,24/07/2026,שישי,3.54,20.81
חדר החדשות איי 24,25/07/2026,שבת,0.74,6.41
"מהדורת חמש איי 24 - סופ""ש",25/07/2026,שבת,0.94,10.54
סופשבוע איי 24,25/07/2026,שבת,1.42,16.47
מגזין השבת איי 24,25/07/2026,שבת,1.91,25.66
הערביסטים,25/07/2026,שבת,1.14,36.83
חדר החדשות איי 24,26/07/2026,ראשון,0,9.37
חדר החדשות איי 24,26/07/2026,ראשון,0,10.46
חדר החדשות איי 24,26/07/2026,ראשון,0.36,7.71
חדר החדשות איי 24,26/07/2026,ראשון,0.8,7.64
חדר החדשות איי 24,26/07/2026,ראשון,0.31,5.52
חדר החדשות איי 24,26/07/2026,ראשון,0.22,4.41
מדברים חדשות,26/07/2026,ראשון,0.32,6.32
מהדורת 15,26/07/2026,ראשון,0.51,8.42
מהדורת חמש איי 24,26/07/2026,ראשון,0.77,10.9
מדד גלבוע,26/07/2026,ראשון,1.35,14.88
7 שרון גל,26/07/2026,ראשון,2.62,18.9
המהדורה המרכזית איי 24,26/07/2026,ראשון,1.3,27.34
הישראלים איי 24,26/07/2026,ראשון,0.28,38.87
חדר החדשות איי 24,27/07/2026,שני,0,8.17
חדר החדשות איי 24,27/07/2026,שני,0,7.72
חדר החדשות איי 24,27/07/2026,שני,0,7.48
חדר החדשות איי 24,27/07/2026,שני,0.26,6.84
חדר החדשות איי 24,27/07/2026,שני,0.07,4.54
חדר החדשות איי 24,27/07/2026,שני,0.35,4.57
מדברים חדשות,27/07/2026,שני,0.69,5.12
מהדורת 15,27/07/2026,שני,0.94,7.75
מהדורת חמש איי 24,27/07/2026,שני,1.27,11.99
מדד גלבוע,27/07/2026,שני,1.19,17.06
7 שרון גל,27/07/2026,שני,2.91,21.6
המהדורה המרכזית איי 24,27/07/2026,שני,1.68,27.89
הישראלים איי 24,27/07/2026,שני,0.43,37.69
חדר החדשות איי 24,28/07/2026,שלישי,0,8.43
חדר החדשות איי 24,28/07/2026,שלישי,0.02,8.96
חדר החדשות איי 24,28/07/2026,שלישי,0.35,7.09
חדר החדשות איי 24,28/07/2026,שלישי,0.33,6.61
חדר החדשות איי 24,28/07/2026,שלישי,0.3,5.71
חדר החדשות איי 24,28/07/2026,שלישי,0.47,5.16
מדברים חדשות,28/07/2026,שלישי,0.29,7.1
מהדורת 15,28/07/2026,שלישי,0.31,8.64
מהדורת חמש איי 24,28/07/2026,שלישי,0.73,11.57
מדד גלבוע,28/07/2026,שלישי,1.13,16.12
7 שרון גל,28/07/2026,שלישי,1.79,18.89
המהדורה המרכזית איי 24,28/07/2026,שלישי,1.3,24.7
הישראלים איי 24,28/07/2026,שלישי,0.25,35.84
חדר החדשות איי 24,29/07/2026,רביעי,0.15,6.65
חדר החדשות איי 24,29/07/2026,רביעי,0,8.14
חדר החדשות איי 24,29/07/2026,רביעי,0.3,6.95
חדר החדשות איי 24,29/07/2026,רביעי,0.37,6
חדר החדשות איי 24,29/07/2026,רביעי,0.51,6.4
חדר החדשות איי 24,29/07/2026,רביעי,0.44,5.07
מדברים חדשות,29/07/2026,רביעי,0.13,5.45
מהדורת 15,29/07/2026,רביעי,0.64,8.37
מהדורת חמש איי 24,29/07/2026,רביעי,0.56,11.66
מדד גלבוע,29/07/2026,רביעי,0.66,16.41
7 שרון גל,29/07/2026,רביעי,1.78,19.53
המהדורה המרכזית איי 24,29/07/2026,רביעי,1.14,27.55
הישראלים איי 24,29/07/2026,רביעי,0.67,33.63
חדר החדשות איי 24,30/07/2026,חמישי,0.06,6.38
חדר החדשות איי 24,30/07/2026,חמישי,0.22,9.28
חדר החדשות איי 24,30/07/2026,חמישי,0.44,7.27
חדר החדשות איי 24,30/07/2026,חמישי,0.41,6.29
חדר החדשות איי 24,30/07/2026,חמישי,0.28,5.26
חדר החדשות איי 24,30/07/2026,חמישי,0.11,4.92
מדברים חדשות,30/07/2026,חמישי,0.2,5.8
מהדורת 15,30/07/2026,חמישי,0.34,8.85
מהדורת חמש איי 24,30/07/2026,חמישי,0.73,12
מדד גלבוע,30/07/2026,חמישי,0.91,15.35
המהדורה המרכזית איי 24,30/07/2026,חמישי,0.49,24.12
הערביסטים,30/07/2026,חמישי,0.33,28.75
חדר החדשות איי 24,30/07/2026,חמישי,0.6,23.02
חדר החדשות איי 24,31/07/2026,שישי,0,4.69
חדר החדשות איי 24,31/07/2026,שישי,0,7.42
חדר החדשות איי 24,31/07/2026,שישי,0.78,8.81
חדר החדשות איי 24,31/07/2026,שישי,0.13,7.86
חדר החדשות איי 24,31/07/2026,שישי,0.19,6.82
חדר החדשות איי 24,31/07/2026,שישי,0.33,6.96
חדר החדשות איי 24,31/07/2026,שישי,0.6,7.61
חדר החדשות איי 24,31/07/2026,שישי,0.76,7.45
חדר החדשות איי 24,31/07/2026,שישי,0.33,8.44
"מהדורת חמש איי 24 - סופ""ש",31/07/2026,שישי,0.82,11.49
סופשבוע איי 24,31/07/2026,שישי,1.61,14.47
קבינט שישי,31/07/2026,שישי,3.81,21.02
חדר החדשות איי 24,01/08/2026,שבת,1.09,6.29
חדר החדשות איי 24,01/08/2026,שבת,1.51,6.55
"מהדורת חמש איי 24 - סופ""ש",01/08/2026,שבת,1.64,11.56
סופשבוע איי 24,01/08/2026,שבת,1.69,15.76
מגזין השבת איי 24,01/08/2026,שבת,2.06,27.49
הערביסטים,01/08/2026,שבת,1.52,37.55
חדר החדשות איי 24,02/08/2026,ראשון,0.25,7.41
חדר החדשות איי 24,02/08/2026,ראשון,0,8.49
חדר החדשות איי 24,02/08/2026,ראשון,0,7.32
חדר החדשות איי 24,02/08/2026,ראשון,0.46,6.73
חדר החדשות איי 24,02/08/2026,ראשון,0.02,5.46
חדר החדשות איי 24,02/08/2026,ראשון,0.29,4.96
מדברים חדשות,02/08/2026,ראשון,0.21,6.79
מהדורת 15,02/08/2026,ראשון,0.41,9.24
מהדורת חמש איי 24,02/08/2026,ראשון,0.41,14.55
מדד גלבוע,02/08/2026,ראשון,1.09,17.99
7 שרון גל,02/08/2026,ראשון,1.73,22.23
המהדורה המרכזית איי 24,02/08/2026,ראשון,1.5,29.68
הישראלים איי 24,02/08/2026,ראשון,0.97,39.36
חדר החדשות איי 24,03/08/2026,שני,0.07,8.38
חדר החדשות איי 24,03/08/2026,שני,0.46,8
חדר החדשות איי 24,03/08/2026,שני,0.19,7.5
חדר החדשות איי 24,03/08/2026,שני,0.06,5.62
חדר החדשות איי 24,03/08/2026,שני,0.5,4.54
מדברים חדשות,03/08/2026,שני,0.08,5.54
מהדורת 15,03/08/2026,שני,0.22,7.47
מהדורת חמש איי 24,03/08/2026,שני,0.68,12.2
מדד גלבוע,03/08/2026,שני,1.11,15.6
7 שרון גל,03/08/2026,שני,1.48,16.92
המהדורה המרכזית איי 24,03/08/2026,שני,1.31,27.15
הישראלים איי 24,03/08/2026,שני,0.53,36.57
חדר החדשות איי 24,04/08/2026,שלישי,0.15,8
חדר החדשות איי 24,04/08/2026,שלישי,0.1,9.02
חדר החדשות איי 24,04/08/2026,שלישי,0.56,8.96
חדר החדשות איי 24,04/08/2026,שלישי,0.19,6.66
חדר החדשות איי 24,04/08/2026,שלישי,0.16,5.25
חדר החדשות איי 24,04/08/2026,שלישי,0.67,5.34
מדברים חדשות,04/08/2026,שלישי,0.52,6.95
מהדורת 15,04/08/2026,שלישי,0.41,9.45
מהדורת חמש איי 24,04/08/2026,שלישי,0.66,11.61
מדד גלבוע,04/08/2026,שלישי,1.19,15.9
7 שרון גל,04/08/2026,שלישי,2.45,19.16
המהדורה המרכזית איי 24,04/08/2026,שלישי,1.2,27.07
הישראלים איי 24,04/08/2026,שלישי,0.56,34.9
חדר החדשות איי 24,05/08/2026,רביעי,0.1,7.15
חדר החדשות איי 24,05/08/2026,רביעי,0.28,7.13
חדר החדשות איי 24,05/08/2026,רביעי,0.01,6.47
חדר החדשות איי 24,05/08/2026,רביעי,0.39,5.85
חדר החדשות איי 24,05/08/2026,רביעי,0.08,5.44
חדר החדשות איי 24,05/08/2026,רביעי,0.08,5.49
מדברים חדשות,05/08/2026,רביעי,0.1,6.57
מהדורת 15,05/08/2026,רביעי,0.31,8.54
מהדורת חמש איי 24,05/08/2026,רביעי,0.55,11.74
מדד גלבוע,05/08/2026,רביעי,1.01,15.73
7 שרון גל,05/08/2026,רביעי,1.84,18.74
המהדורה המרכזית איי 24,05/08/2026,רביעי,0.94,26.07
הישראלים איי 24,05/08/2026,רביעי,0.6,36.79
חדר החדשות איי 24,06/08/2026,חמישי,0,6.98
חדר החדשות איי 24,06/08/2026,חמישי,0.03,8.3
חדר החדשות איי 24,06/08/2026,חמישי,0.24,7.73
חדר החדשות איי 24,06/08/2026,חמישי,0.37,7.68
חדר החדשות איי 24,06/08/2026,חמישי,0.29,6.42
חדר החדשות איי 24,06/08/2026,חמישי,0.18,5.14
מדברים חדשות,06/08/2026,חמישי,0.7,5.64
מהדורת 15,06/08/2026,חמישי,0.37,7.96
מהדורת חמש איי 24,06/08/2026,חמישי,0.36,12.37
מדד גלבוע,06/08/2026,חמישי,0.88,15.94
המהדורה המרכזית איי 24,06/08/2026,חמישי,0.99,24.65
הערביסטים,06/08/2026,חמישי,0.6,28.5
חדר החדשות איי 24,06/08/2026,חמישי,0.08,23.47
חדר החדשות איי 24,07/08/2026,שישי,0.02,5.16
חדר החדשות איי 24,07/08/2026,שישי,0.18,7.68
חדר החדשות איי 24,07/08/2026,שישי,0.2,9.16
חדר החדשות איי 24,07/08/2026,שישי,0.38,10
חדר החדשות איי 24,07/08/2026,שישי,0.52,9.34
חדר החדשות איי 24,07/08/2026,שישי,0.26,9.21
חדר החדשות איי 24,07/08/2026,שישי,0.79,8.32
חדר החדשות איי 24,07/08/2026,שישי,0.99,8.87
חדר החדשות איי 24,07/08/2026,שישי,0.68,8.58
"מהדורת חמש איי 24 - סופ""ש",07/08/2026,שישי,0.55,12.25
סופשבוע איי 24,07/08/2026,שישי,1.61,14.88
קבינט שישי,07/08/2026,שישי,3.03,20.33
חדר החדשות איי 24,08/08/2026,שבת,0.44,4.86
חדר החדשות איי 24,08/08/2026,שבת,0.5,5.49
"מהדורת חמש איי 24 - סופ""ש",08/08/2026,שבת,0.8,7.98
סופשבוע איי 24,08/08/2026,שבת,1.34,13.4
מגזין השבת איי 24,08/08/2026,שבת,1.91,23
חדר החדשות איי 24,09/08/2026,ראשון,0,6.2
חדר החדשות איי 24,09/08/2026,ראשון,0.22,7.37
חדר החדשות איי 24,09/08/2026,ראשון,0.09,6.1
חדר החדשות איי 24,09/08/2026,ראשון,0.56,6.23
חדר החדשות איי 24,09/08/2026,ראשון,0.52,5.45
חדר החדשות איי 24,09/08/2026,ראשון,0.67,4.65
מדברים חדשות,09/08/2026,ראשון,0.12,6.61
מהדורת 15,09/08/2026,ראשון,0.43,8.45
מהדורת חמש איי 24,09/08/2026,ראשון,0.86,12.72
מדד גלבוע,09/08/2026,ראשון,1.23,16.52
7 שרון גל,09/08/2026,ראשון,2.18,21.38
המהדורה המרכזית איי 24,09/08/2026,ראשון,1.25,29.19
הישראלים איי 24,09/08/2026,ראשון,0.56,37.76
חדר החדשות איי 24,10/08/2026,שני,0,7.72
חדר החדשות איי 24,10/08/2026,שני,0,9
חדר החדשות איי 24,10/08/2026,שני,0.03,7.1
חדר החדשות איי 24,10/08/2026,שני,0.34,6.39
חדר החדשות איי 24,10/08/2026,שני,0.06,5.97
חדר החדשות איי 24,10/08/2026,שני,0.4,5.97
מדברים חדשות,10/08/2026,שני,0.06,6.7
מהדורת 15,10/08/2026,שני,0.33,6.05
מהדורת חמש איי 24,10/08/2026,שני,0.98,10.61
מדד גלבוע,10/08/2026,שני,1.2,15.47
7 שרון גל,10/08/2026,שני,1.87,19.64
המהדורה המרכזית איי 24,10/08/2026,שני,0.92,28.14
הישראלים איי 24,10/08/2026,שני,0.4,37.43
חדר החדשות איי 24,11/08/2026,שלישי,0.1,7.77
חדר החדשות איי 24,11/08/2026,שלישי,0.32,8.7
חדר החדשות איי 24,11/08/2026,שלישי,0.15,6.39
חדר החדשות איי 24,11/08/2026,שלישי,0.1,5.58
חדר החדשות איי 24,11/08/2026,שלישי,0.09,4.34
חדר החדשות איי 24,11/08/2026,שלישי,0,3.79
מדברים חדשות,11/08/2026,שלישי,0.13,6.28
מהדורת 15,11/08/2026,שלישי,0.22,7.97
מהדורת חמש איי 24,11/08/2026,שלישי,0.94,10.68
מדד גלבוע,11/08/2026,שלישי,1.14,16.24
7 שרון גל,11/08/2026,שלישי,1.67,18.72
המהדורה המרכזית איי 24,11/08/2026,שלישי,1.2,26.71
הישראלים איי 24,11/08/2026,שלישי,0.21,34.89
חדר החדשות איי 24,12/08/2026,רביעי,0,7.01
חדר החדשות איי 24,12/08/2026,רביעי,0.05,8.04
חדר החדשות איי 24,12/08/2026,רביעי,0.32,8.21
חדר החדשות איי 24,12/08/2026,רביעי,0.1,7.35
חדר החדשות איי 24,12/08/2026,רביעי,0.09,4.5
חדר החדשות איי 24,12/08/2026,רביעי,0.13,4.14
מדברים חדשות,12/08/2026,רביעי,0.09,6.03
מהדורת 15,12/08/2026,רביעי,0.21,8.63
מהדורת חמש איי 24,12/08/2026,רביעי,0.55,11.83
מדד גלבוע,12/08/2026,רביעי,1.01,15.27
7 שרון גל,12/08/2026,רביעי,1.77,19.61
המהדורה המרכזית איי 24,12/08/2026,רביעי,0.92,25.74
הישראלים איי 24,12/08/2026,רביעי,0.4,33.88
חדר החדשות איי 24,13/08/2026,חמישי,0.11,6.39
חדר החדשות איי 24,13/08/2026,חמישי,0.36,8.13
חדר החדשות איי 24,13/08/2026,חמישי,0.34,7.54
חדר החדשות איי 24,13/08/2026,חמישי,0.09,6.39
חדר החדשות איי 24,13/08/2026,חמישי,0.27,4.88
חדר החדשות איי 24,13/08/2026,חמישי,0.16,4.52
מדברים חדשות,13/08/2026,חמישי,0.28,5.64
מהדורת 15,13/08/2026,חמישי,0.65,9.46
מהדורת חמש איי 24,13/08/2026,חמישי,0.82,14.89
מדד גלבוע,13/08/2026,חמישי,1.07,18.68
המהדורה המרכזית איי 24,13/08/2026,חמישי,0.82,28.68
הערביסטים,13/08/2026,חמישי,0.98,30.65
חדר החדשות איי 24,13/08/2026,חמישי,0.24,23.66
חדר החדשות איי 24,14/08/2026,שישי,0.13,6.09
חדר החדשות איי 24,14/08/2026,שישי,0.39,7.26
חדר החדשות איי 24,14/08/2026,שישי,0.37,8.99
חדר החדשות איי 24,14/08/2026,שישי,0.38,9.2
חדר החדשות איי 24,14/08/2026,שישי,0.33,8.2
חדר החדשות איי 24,14/08/2026,שישי,0.82,7.74
חדר החדשות איי 24,14/08/2026,שישי,0.76,6.44
חדר החדשות איי 24,14/08/2026,שישי,0.58,7.37
חדר החדשות איי 24,14/08/2026,שישי,0.53,7.83
"מהדורת חמש איי 24 - סופ""ש",14/08/2026,שישי,0.7,11.98
סופשבוע איי 24,14/08/2026,שישי,2.02,14.6
קבינט שישי,14/08/2026,שישי,3.55,20.63
חדר החדשות איי 24,15/08/2026,שבת,0.34,5.19
חדר החדשות איי 24,15/08/2026,שבת,1.3,7.45
"מהדורת חמש איי 24 - סופ""ש",15/08/2026,שבת,0.64,10.33
סופשבוע איי 24,15/08/2026,שבת,1.41,16.25
מגזין השבת איי 24,15/08/2026,שבת,2.16,27.24
הערביסטים,15/08/2026,שבת,1,40
חדר החדשות איי 24,16/08/2026,ראשון,0.1,6.54
חדר החדשות איי 24,16/08/2026,ראשון,0.16,7.89
חדר החדשות איי 24,16/08/2026,ראשון,0.19,6.45
חדר החדשות איי 24,16/08/2026,ראשון,0.51,6.56
חדר החדשות איי 24,16/08/2026,ראשון,0.1,5.24
חדר החדשות איי 24,16/08/2026,ראשון,0.01,3.76
מדברים חדשות,16/08/2026,ראשון,0.3,6.11
מהדורת 15,16/08/2026,ראשון,0.35,9.11
מהדורת חמש איי 24,16/08/2026,ראשון,0.84,11.57
מדד גלבוע,16/08/2026,ראשון,1.61,15.03
7 שרון גל,16/08/2026,ראשון,2.28,18.57
המהדורה המרכזית איי 24,16/08/2026,ראשון,1.78,27.39
הישראלים איי 24,16/08/2026,ראשון,0.89,33.66
חדר החדשות איי 24,17/08/2026,שני,0,6.93
חדר החדשות איי 24,17/08/2026,שני,0.11,7.97
חדר החדשות איי 24,17/08/2026,שני,0.02,5.74
חדר החדשות איי 24,17/08/2026,שני,0.05,6.49
חדר החדשות איי 24,17/08/2026,שני,0.19,4.83
חדר החדשות איי 24,17/08/2026,שני,0.23,4.85
מדברים חדשות,17/08/2026,שני,0.53,6.76
מהדורת 15,17/08/2026,שני,0.47,8.29
מהדורת חמש איי 24,17/08/2026,שני,0.62,11.71
מדד גלבוע,17/08/2026,שני,1.24,15.63
7 שרון גל,17/08/2026,שני,3.04,21.43
המהדורה המרכזית איי 24,17/08/2026,שני,1.92,28.56
הישראלים איי 24,17/08/2026,שני,1.34,34.71
חדר החדשות איי 24,18/08/2026,שלישי,0.22,7.52
חדר החדשות איי 24,18/08/2026,שלישי,0.01,9.45
חדר החדשות איי 24,18/08/2026,שלישי,0.18,7.85
חדר החדשות איי 24,18/08/2026,שלישי,0.34,7.33
חדר החדשות איי 24,18/08/2026,שלישי,0.5,6.22
חדר החדשות איי 24,18/08/2026,שלישי,0.61,5.4
מדברים חדשות,18/08/2026,שלישי,0.49,6.44
מהדורת 15,18/08/2026,שלישי,0.49,8.32
מהדורת חמש איי 24,18/08/2026,שלישי,0.58,12.54
מדד גלבוע,18/08/2026,שלישי,1.34,17.8
7 שרון גל,18/08/2026,שלישי,2.4,21.7
המהדורה המרכזית איי 24,18/08/2026,שלישי,1.41,27.73
הישראלים איי 24,18/08/2026,שלישי,0.67,32.32
חדר החדשות איי 24,19/08/2026,רביעי,0,6.61
חדר החדשות איי 24,19/08/2026,רביעי,0,8.2
חדר החדשות איי 24,19/08/2026,רביעי,0.4,6.69
חדר החדשות איי 24,19/08/2026,רביעי,0,7.07
חדר החדשות איי 24,19/08/2026,רביעי,0.18,5.46
חדר החדשות איי 24,19/08/2026,רביעי,0.4,5.43
מדברים חדשות,19/08/2026,רביעי,0.13,5.24
מהדורת 15,19/08/2026,רביעי,0.48,7.69
מהדורת חמש איי 24,19/08/2026,רביעי,0.91,11.22
מדד גלבוע,19/08/2026,רביעי,1.41,15.74
7 שרון גל,19/08/2026,רביעי,2.17,18.81
המהדורה המרכזית איי 24,19/08/2026,רביעי,1.27,27.51
הישראלים איי 24,19/08/2026,רביעי,0.64,31.05
חדר החדשות איי 24,20/08/2026,חמישי,0.15,7.26
חדר החדשות איי 24,20/08/2026,חמישי,0.48,8.64
חדר החדשות איי 24,20/08/2026,חמישי,0.13,5.48
חדר החדשות איי 24,20/08/2026,חמישי,0.27,6.56
חדר החדשות איי 24,20/08/2026,חמישי,0.47,5.01
מדברים חדשות,20/08/2026,חמישי,0.55,6.85
מהדורת 15,20/08/2026,חמישי,0.35,9.33
מהדורת חמש איי 24,20/08/2026,חמישי,0.49,12.95
מדד גלבוע,20/08/2026,חמישי,0.83,15.66
המהדורה המרכזית איי 24,20/08/2026,חמישי,1.08,25.62
הערביסטים,20/08/2026,חמישי,1.05,31.02
חדר החדשות איי 24,20/08/2026,חמישי,1.3,26
חדר החדשות איי 24,21/08/2026,שישי,0.14,5
חדר החדשות איי 24,21/08/2026,שישי,0.13,6.78
חדר החדשות איי 24,21/08/2026,שישי,0.07,8.83
חדר החדשות איי 24,21/08/2026,שישי,0.48,7.02
חדר החדשות איי 24,21/08/2026,שישי,0.54,7.36
חדר החדשות איי 24,21/08/2026,שישי,0.44,4.47
חדר החדשות איי 24,21/08/2026,שישי,0.52,5.46
חדר החדשות איי 24,21/08/2026,שישי,1.35,7.44
חדר החדשות איי 24,21/08/2026,שישי,0.97,7.12
"מהדורת חמש איי 24 - סופ""ש",21/08/2026,שישי,1.31,13.11
סופשבוע איי 24,21/08/2026,שישי,1.96,14.56
קבינט שישי,21/08/2026,שישי,3.1,19.91
חדר החדשות איי 24,22/08/2026,שבת,0.63,4.81
חדר החדשות איי 24,22/08/2026,שבת,0.39,4.16
"מהדורת חמש איי 24 - סופ""ש",22/08/2026,שבת,1.26,11.79
סופשבוע איי 24,22/08/2026,שבת,1.9,16.48
מגזין השבת איי 24,22/08/2026,שבת,1.57,25.23
הערביסטים,22/08/2026,שבת,1.87,32.95
חדר החדשות איי 24,23/08/2026,ראשון,0.13,7.67
חדר החדשות איי 24,23/08/2026,ראשון,0.09,7.28
חדר החדשות איי 24,23/08/2026,ראשון,0.45,7.31
חדר החדשות איי 24,23/08/2026,ראשון,0.31,7.68
חדר החדשות איי 24,23/08/2026,ראשון,0.27,6.69
חדר החדשות איי 24,23/08/2026,ראשון,0.77,5.88
מדברים חדשות,23/08/2026,ראשון,0.6,6.19
מהדורת 15,23/08/2026,ראשון,0.73,7.13
מהדורת חמש איי 24,23/08/2026,ראשון,0.41,10.14
מדד גלבוע,23/08/2026,ראשון,1.08,14.46
7 שרון גל,23/08/2026,ראשון,2.56,18.94
המהדורה המרכזית איי 24,23/08/2026,ראשון,1.33,26.19
הישראלים איי 24,23/08/2026,ראשון,0.62,32.04
חדר החדשות איי 24,24/08/2026,שני,0.01,6.46
חדר החדשות איי 24,24/08/2026,שני,0.05,7.3
חדר החדשות איי 24,24/08/2026,שני,0.13,6.3
חדר החדשות איי 24,24/08/2026,שני,0,5.97
חדר החדשות איי 24,24/08/2026,שני,0.01,4.52
חדר החדשות איי 24,24/08/2026,שני,0.23,5.06
מדברים חדשות,24/08/2026,שני,0.46,5.27
מהדורת 15,24/08/2026,שני,0.41,7.66
מהדורת חמש איי 24,24/08/2026,שני,0.44,12.02
מדד גלבוע,24/08/2026,שני,0.66,15.22
7 שרון גל,24/08/2026,שני,2.04,19.17
המהדורה המרכזית איי 24,24/08/2026,שני,1.86,27.19
הישראלים איי 24,24/08/2026,שני,1.14,33.54
חדר החדשות איי 24,25/08/2026,שלישי,0,7.87
חדר החדשות איי 24,25/08/2026,שלישי,0,6.42
חדר החדשות איי 24,25/08/2026,שלישי,0.17,6.27
חדר החדשות איי 24,25/08/2026,שלישי,0.1,5.28
חדר החדשות איי 24,25/08/2026,שלישי,0.15,5.05
חדר החדשות איי 24,25/08/2026,שלישי,0.14,4.7
מדברים חדשות,25/08/2026,שלישי,0.1,5.79
מהדורת 15,25/08/2026,שלישי,0.33,8.1
מהדורת חמש איי 24,25/08/2026,שלישי,0.96,11.96
מדד גלבוע,25/08/2026,שלישי,1.56,16.79
7 שרון גל,25/08/2026,שלישי,1.94,19.23
המהדורה המרכזית איי 24,25/08/2026,שלישי,1.14,25.5
הישראלים איי 24,25/08/2026,שלישי,0.58,31.21
חדר החדשות איי 24,26/08/2026,רביעי,0.14,6.11
חדר החדשות איי 24,26/08/2026,רביעי,0.24,7.14
חדר החדשות איי 24,26/08/2026,רביעי,0.05,5.46
חדר החדשות איי 24,26/08/2026,רביעי,0.03,5.41
חדר החדשות איי 24,26/08/2026,רביעי,0.13,4.8
חדר החדשות איי 24,26/08/2026,רביעי,0.85,5.1
מדברים חדשות,26/08/2026,רביעי,0.25,5.68
מהדורת 15,26/08/2026,רביעי,0.39,7.22
מהדורת חמש איי 24,26/08/2026,רביעי,0.87,12.12
מדד גלבוע,26/08/2026,רביעי,1.39,15.62
7 שרון גל,26/08/2026,רביעי,2.02,18.71
המהדורה המרכזית איי 24,26/08/2026,רביעי,1.39,27.24
הישראלים איי 24,26/08/2026,רביעי,0.69,31.64
חדר החדשות איי 24,27/08/2026,חמישי,0.26,7.88
חדר החדשות איי 24,27/08/2026,חמישי,0.25,6.76
חדר החדשות איי 24,27/08/2026,חמישי,0.05,6.38
חדר החדשות איי 24,27/08/2026,חמישי,0,4.46
חדר החדשות איי 24,27/08/2026,חמישי,0.44,4.02
מדברים חדשות,27/08/2026,חמישי,0.47,5.63
מהדורת 15,27/08/2026,חמישי,0.98,7.72
מהדורת חמש איי 24,27/08/2026,חמישי,1,12.7
מדד גלבוע,27/08/2026,חמישי,1.33,16.53
המהדורה המרכזית איי 24,27/08/2026,חמישי,1.31,25.62
הערביסטים,27/08/2026,חמישי,1.05,24.09
חדר החדשות איי 24,27/08/2026,חמישי,0.67,20.35
חדר החדשות איי 24,28/08/2026,שישי,0.1,4.79
חדר החדשות איי 24,28/08/2026,שישי,0.18,6.52
חדר החדשות איי 24,28/08/2026,שישי,0.18,8.44
חדר החדשות איי 24,28/08/2026,שישי,0.27,8.18
חדר החדשות איי 24,28/08/2026,שישי,0.01,5.93
חדר החדשות איי 24,28/08/2026,שישי,0.76,6.42
חדר החדשות איי 24,28/08/2026,שישי,0.94,6.16
חדר החדשות איי 24,28/08/2026,שישי,1.28,7.94
חדר החדשות איי 24,28/08/2026,שישי,1.24,8.85
"מהדורת חמש איי 24 - סופ""ש",28/08/2026,שישי,1.33,12.95
סופשבוע איי 24,28/08/2026,שישי,1.79,13.07
קבינט שישי,28/08/2026,שישי,3.3,19.53
חדר החדשות איי 24,29/08/2026,שבת,0.44,4.59
חדר החדשות איי 24,29/08/2026,שבת,0.71,5.48
"מהדורת חמש איי 24 - סופ""ש",29/08/2026,שבת,0.75,9.63
סופשבוע איי 24,29/08/2026,שבת,1.23,16.05
מגזין השבת איי 24,29/08/2026,שבת,2.56,27.2
הערביסטים,29/08/2026,שבת,2.09,35.47
חדר החדשות איי 24,30/08/2026,ראשון,0,7.77
חדר החדשות איי 24,30/08/2026,ראשון,0,9.08
חדר החדשות איי 24,30/08/2026,ראשון,0,6.3
חדר החדשות איי 24,30/08/2026,ראשון,0.08,5.06
חדר החדשות איי 24,30/08/2026,ראשון,0.08,4.36
חדר החדשות איי 24,30/08/2026,ראשון,0.34,4.99
מדברים חדשות,30/08/2026,ראשון,0.27,5.79
מהדורת 15,30/08/2026,ראשון,0.98,6.7
מהדורת חמש איי 24,30/08/2026,ראשון,0.95,10.96
מדד גלבוע,30/08/2026,ראשון,0.82,15.12
7 שרון גל,30/08/2026,ראשון,2.12,19.99
המהדורה המרכזית איי 24,30/08/2026,ראשון,1.6,29.46
הישראלים איי 24,30/08/2026,ראשון,0.45,34.97
חדר החדשות איי 24,31/08/2026,שני,0,7.73
חדר החדשות איי 24,31/08/2026,שני,0,7.82
חדר החדשות איי 24,31/08/2026,שני,0.19,6.84
חדר החדשות איי 24,31/08/2026,שני,0.2,6.82
חדר החדשות איי 24,31/08/2026,שני,0.26,5.74
חדר החדשות איי 24,31/08/2026,שני,0.1,3.98
מדברים חדשות,31/08/2026,שני,0.27,4.67
מהדורת 15,31/08/2026,שני,0.41,6.91
מהדורת חמש איי 24,31/08/2026,שני,0.55,10.97
מדד גלבוע,31/08/2026,שני,1.09,15.63
7 שרון גל,31/08/2026,שני,2.02,18.88
המהדורה המרכזית איי 24,31/08/2026,שני,1.31,27.63
הישראלים איי 24,31/08/2026,שני,0.22,32.91
חדר החדשות איי 24,01/09/2026,שלישי,0.04,6.97
חדר החדשות איי 24,01/09/2026,שלישי,0.07,6.41
חדר החדשות איי 24,01/09/2026,שלישי,0.1,5.15
חדר החדשות איי 24,01/09/2026,שלישי,0.15,3.6
מדברים חדשות,01/09/2026,שלישי,0.69,6.27
מהדורת 15,01/09/2026,שלישי,0.64,7.87
מהדורת חמש איי 24,01/09/2026,שלישי,0.51,10.59
מדד גלבוע,01/09/2026,שלישי,1.25,15.68
7 שרון גל,01/09/2026,שלישי,1.89,20.18
המהדורה המרכזית איי 24,01/09/2026,שלישי,1.52,30.18
הישראלים איי 24,01/09/2026,שלישי,0.72,30.32
חדר החדשות איי 24,02/09/2026,רביעי,0,9.13
חדר החדשות איי 24,02/09/2026,רביעי,0,7.58
חדר החדשות איי 24,02/09/2026,רביעי,0.04,6.46
חדר החדשות איי 24,02/09/2026,רביעי,0.43,5.9
חדר החדשות איי 24,02/09/2026,רביעי,0.41,4.42
חדר החדשות איי 24,02/09/2026,רביעי,0.84,6.28
מדברים חדשות,02/09/2026,רביעי,0.42,5.17
מהדורת 15,02/09/2026,רביעי,0.57,6.1
מהדורת חמש איי 24,02/09/2026,רביעי,0.58,10.51
מדד גלבוע,02/09/2026,רביעי,1.25,16.07
7 שרון גל,02/09/2026,רביעי,2.49,21.26
המהדורה המרכזית איי 24,02/09/2026,רביעי,1.62,28.83
הישראלים איי 24,02/09/2026,רביעי,1.03,33.82
חדר החדשות איי 24,03/09/2026,חמישי,0,6.56
חדר החדשות איי 24,03/09/2026,חמישי,0,6.68
חדר החדשות איי 24,03/09/2026,חמישי,0.01,7.2
חדר החדשות איי 24,03/09/2026,חמישי,0.05,4.44
חדר החדשות איי 24,03/09/2026,חמישי,0.13,3.5
חדר החדשות איי 24,03/09/2026,חמישי,0.32,3.63
מדברים חדשות,03/09/2026,חמישי,0.6,4.7
מהדורת 15,03/09/2026,חמישי,0.29,6.44
מהדורת חמש איי 24,03/09/2026,חמישי,0.5,11.02
מדד גלבוע,03/09/2026,חמישי,0.64,15.25
7 שרון גל,03/09/2026,חמישי,1.2,18.73
המהדורה המרכזית איי 24,03/09/2026,חמישי,1.34,25.79
הערביסטים,03/09/2026,חמישי,0.55,27.86
